image_index,image_filename,image_summary,visible_species_in_image,landscape_elements,human_activities_in_image,plants_detected_names,animals_detected_names,human_activities_detected_labels,plants_detected_raw,animals_detected_raw,human_activities_detected_raw,raw_response,parse_ok,error
1,1天津市蓟州区盘山_110296_1.jpg,stone wall with calligraphy,[],sky; stone wall; barrier,[],unknown,[],[],"[{""scientific_name"": ""unknown"", ""count_estimate"": ""multiple"", ""confidence"": 0.45}]",[],[],"{
  ""image_analysis_per_image"": [
    {
      ""image_summary"": ""stone wall with calligraphy"",
      ""visible_species_in_image"": [],
      ""landscape_elements"": [
        ""sky"",
        ""stone wall"",
        ""barrier""
      ],
      ""human_activities_in_image"": [],
      ""plants_detected"": [
        {
          ""scientific_name"": ""unknown"",
          ""count_estimate"": ""multiple"",
          ""confidence"": 0.45
        }
      ],
      ""animals_detected"": [],
      ""human_activities_detected"": []
    }
  ]
}",True,
2,1天津市蓟州区盘山_110296_2.jpg,temple courtyard,[],roof; trees; stairs; stone wall,visiting; walking,unknown,[],visiting,"[{""scientific_name"": ""unknown"", ""count_estimate"": ""many"", ""confidence"": 0.5}]",[],"[{""activity"": ""visiting"", ""count_estimate"": ""3"", ""confidence"": 0.9}]","{
  ""image_analysis_per_image"": [
    {
      ""image_summary"": ""temple courtyard"",
      ""visible_species_in_image"": [],
      ""landscape_elements"": [
        ""roof"",
        ""trees"",
        ""stairs"",
        ""stone wall""
      ],
      ""human_activities_in_image"": [
        ""visiting"",
        ""walking""
      ],
      ""plants_detected"": [
        {
          ""scientific_name"": ""unknown"",
          ""count_estimate"": ""many"",
          ""confidence"": 0.5
        }
      ],
      ""animals_detected"": [],
      ""human_activities_detected"": [
        {
          ""activity"": ""visiting"",
          ""count_estimate"": ""3"",
          ""confidence"": 0.9
        }
      ]
    }
  ]
}",True,
3,1天津市蓟州区盘山_110296_3.jpg,Mountain view with pagoda,Pinus species,mountain; pagoda; sky; trees; rock,[],Pinus,[],[],"[{""scientific_name"": ""Pinus"", ""count_estimate"": ""multiple"", ""confidence"": 0.85}]",[],[],"{
  ""image_analysis_per_image"": [
    {
      ""image_summary"": ""Mountain view with pagoda"",
      ""visible_species_in_image"": [
        ""Pinus species""
      ],
      ""landscape_elements"": [
        ""mountain"",
        ""pagoda"",
        ""sky"",
        ""trees"",
        ""rock""
      ],
      ""human_activities_in_image"": [],
      ""plants_detected"": [
        {
          ""scientific_name"": ""Pinus"",
          ""count_estimate"": ""multiple"",
          ""confidence"": 0.85
        }
      ],
      ""animals_detected"": [],
      ""human_activities_detected"": []
    }
  ]
}",True,
4,1天津市蓟州区盘山_110296_4.jpg,Cable car on mountain,[],mountains; trees; sky; cables,riding cable car,[],[],riding cable car,[],[],"[{""activity"": ""riding cable car"", ""count_estimate"": ""multiple"", ""confidence"": 0.95}]","{
  ""image_analysis_per_image"": [
    {
      ""image_summary"": ""Cable car on mountain"",
      ""visible_species_in_image"": [],
      ""landscape_elements"": [
        ""mountains"",
        ""trees"",
        ""sky"",
        ""cables""
      ],
      ""human_activities_in_image"": [
        ""riding cable car""
      ],
      ""plants_detected"": [],
      ""animals_detected"": [],
      ""human_activities_detected"": [
        {
          ""activity"": ""riding cable car"",
          ""count_estimate"": ""multiple"",
          ""confidence"": 0.95
        }
      ]
    }
  ]
}",True,
5,1天津市蓟州区盘山_110296_5.jpg,stone wall with calligraphy,[],stone wall; sky; flags,[],[],[],[],[],[],[],"{
  ""image_analysis_per_image"": [
    {
      ""image_summary"": ""stone wall with calligraphy"",
      ""visible_species_in_image"": [],
      ""landscape_elements"": [
        ""stone wall"",
        ""sky"",
        ""flags""
      ],
      ""human_activities_in_image"": [],
      ""plants_detected"": [],
      ""animals_detected"": [],
      ""human_activities_detected"": []
    }
  ]
}",True,
6,1天津市蓟州区盘山_110296_6.jpg,temple entrance,[],roof; trees; stone pillars,visiting; walking,unknown,[],walking,"[{""scientific_name"": ""unknown"", ""count_estimate"": ""many"", ""confidence"": 0.65}]",[],"[{""activity"": ""walking"", ""count_estimate"": ""multiple"", ""confidence"": 0.95}]","{
  ""image_analysis_per_image"": [
    {
      ""image_summary"": ""temple entrance"",
      ""visible_species_in_image"": [],
      ""landscape_elements"": [
        ""roof"",
        ""trees"",
        ""stone pillars""
      ],
      ""human_activities_in_image"": [
        ""visiting"",
        ""walking""
      ],
      ""plants_detected"": [
        {
          ""scientific_name"": ""unknown"",
          ""count_estimate"": ""many"",
          ""confidence"": 0.65
        }
      ],
      ""animals_detected"": [],
      ""human_activities_detected"": [
        {
          ""activity"": ""walking"",
          ""count_estimate"": ""multiple"",
          ""confidence"": 0.95
        }
      ]
    }
  ]
}",True,
7,1天津市蓟州区盘山_110296_7.jpg,Mountain tower view,Pinus; Prunus,mountain; tower; sky; rocks; trees,[],Pinus; Prunus,[],[],"[{""scientific_name"": ""Pinus"", ""count_estimate"": ""multiple"", ""confidence"": 0.85}, {""scientific_name"": ""Prunus"", ""count_estimate"": ""several"", ""confidence"": 0.72}]",[],[],"{
  ""image_analysis_per_image"": [
    {
      ""image_summary"": ""Mountain tower view"",
      ""visible_species_in_image"": [
        ""Pinus"",
        ""Prunus""
      ],
      ""landscape_elements"": [
        ""mountain"",
        ""tower"",
        ""sky"",
        ""rocks"",
        ""trees""
      ],
      ""human_activities_in_image"": [],
      ""plants_detected"": [
        {
          ""scientific_name"": ""Pinus"",
          ""count_estimate"": ""multiple"",
          ""confidence"": 0.85
        },
        {
          ""scientific_name"": ""Prunus"",
          ""count_estimate"": ""several"",
          ""confidence"": 0.72
        }
      ],
      ""animals_detected"": [],
      ""human_activities_detected"": []
    }
  ]
}",True,
8,1天津市蓟州区盘山_110296_8.jpg,Cable cars in mountains,[],mountains; sky; trees,riding cable car,[],[],riding cable car,[],[],"[{""activity"": ""riding cable car"", ""count_estimate"": ""multiple"", ""confidence"": 0.95}]","{
  ""image_analysis_per_image"": [
    {
      ""image_summary"": ""Cable cars in mountains"",
      ""visible_species_in_image"": [],
      ""landscape_elements"": [
        ""mountains"",
        ""sky"",
        ""trees""
      ],
      ""human_activities_in_image"": [
        ""riding cable car""
      ],
      ""plants_detected"": [],
      ""animals_detected"": [],
      ""human_activities_detected"": [
        {
          ""activity"": ""riding cable car"",
          ""count_estimate"": ""multiple"",
          ""confidence"": 0.95
        }
      ]
    }
  ]
}",True,
9,1天津市蓟州区盘山_110336_1.jpg,Mountain tower view,Pinus,mountain; tower; sky; rock,[],Pinus,[],[],"[{""scientific_name"": ""Pinus"", ""count_estimate"": ""1"", ""confidence"": 0.95}]",[],[],"{
  ""image_analysis_per_image"": [
    {
      ""image_summary"": ""Mountain tower view"",
      ""visible_species_in_image"": [
        ""Pinus""
      ],
      ""landscape_elements"": [
        ""mountain"",
        ""tower"",
        ""sky"",
        ""rock""
      ],
      ""human_activities_in_image"": [],
      ""plants_detected"": [
        {
          ""scientific_name"": ""Pinus"",
          ""count_estimate"": ""1"",
          ""confidence"": 0.95
        }
      ],
      ""animals_detected"": [],
      ""human_activities_detected"": []
    }
  ]
}",True,
10,1天津市蓟州区盘山_110336_2.jpg,Temple on rocky mountain,[],mountain; rocky cliff; trees; sky,[],unknown,[],[],"[{""scientific_name"": ""unknown"", ""count_estimate"": ""many"", ""confidence"": 0.5}]",[],[],"{
  ""image_analysis_per_image"": [
    {
      ""image_summary"": ""Temple on rocky mountain"",
      ""visible_species_in_image"": [],
      ""landscape_elements"": [
        ""mountain"",
        ""rocky cliff"",
        ""trees"",
        ""sky""
      ],
      ""human_activities_in_image"": [],
      ""plants_detected"": [
        {
          ""scientific_name"": ""unknown"",
          ""count_estimate"": ""many"",
          ""confidence"": 0.5
        }
      ],
      ""animals_detected"": [],
      ""human_activities_detected"": []
    }
  ]
}",True,
11,1天津市蓟州区盘山_110336_3.jpg,Mountain landscape,Pinus,mountain; forest; sky; rocks,[],Pinus sp.,[],[],"[{""scientific_name"": ""Pinus sp."", ""count_estimate"": ""multiple"", ""confidence"": 0.75}]",[],[],"{
  ""image_analysis_per_image"": [
    {
      ""image_summary"": ""Mountain landscape"",
      ""visible_species_in_image"": [
        ""Pinus""
      ],
      ""landscape_elements"": [
        ""mountain"",
        ""forest"",
        ""sky"",
        ""rocks""
      ],
      ""human_activities_in_image"": [],
      ""plants_detected"": [
        {
          ""scientific_name"": ""Pinus sp."",
          ""count_estimate"": ""multiple"",
          ""confidence"": 0.75
        }
      ],
      ""animals_detected"": [],
      ""human_activities_detected"": []
    }
  ]
}",True,
12,1天津市蓟州区盘山_110336_4.jpg,cable cars on mountains,[],mountains; forest; sky; cables,riding cable cars,[],[],riding cable cars,[],[],"[{""activity"": ""riding cable cars"", ""count_estimate"": ""multiple"", ""confidence"": 0.95}]","{
  ""image_analysis_per_image"": [
    {
      ""image_summary"": ""cable cars on mountains"",
      ""visible_species_in_image"": [],
      ""landscape_elements"": [
        ""mountains"",
        ""forest"",
        ""sky"",
        ""cables""
      ],
      ""human_activities_in_image"": [
        ""riding cable cars""
      ],
      ""plants_detected"": [],
      ""animals_detected"": [],
      ""human_activities_detected"": [
        {
          ""activity"": ""riding cable cars"",
          ""count_estimate"": ""multiple"",
          ""confidence"": 0.95
        }
      ]
    }
  ]
}",True,
13,1天津市蓟州区盘山_110336_5.jpg,lush green mountains,[],mountains; forest; sky,[],[],[],[],[],[],[],"{
  ""image_analysis_per_image"": [
    {
      ""image_summary"": ""lush green mountains"",
      ""visible_species_in_image"": [],
      ""landscape_elements"": [
        ""mountains"",
        ""forest"",
        ""sky""
      ],
      ""human_activities_in_image"": []
    }
  ]
}",True,
14,1天津市蓟州区盘山_110336_6.jpg,ancient stone pagoda,Pinus tabulaeformis,sky; stone tower; tree branch,[],Pinus tabulaeformis,[],[],"[{""scientific_name"": ""Pinus tabulaeformis"", ""count_estimate"": ""1"", ""confidence"": 0.85}]",[],[],"{
  ""image_analysis_per_image"": [
    {
      ""image_summary"": ""ancient stone pagoda"",
      ""visible_species_in_image"": [
        ""Pinus tabulaeformis""
      ],
      ""landscape_elements"": [
        ""sky"",
        ""stone tower"",
        ""tree branch""
      ],
      ""human_activities_in_image"": [],
      ""plants_detected"": [
        {
          ""scientific_name"": ""Pinus tabulaeformis"",
          ""count_estimate"": ""1"",
          ""confidence"": 0.85
        }
      ],
      ""animals_detected"": [],
      ""human_activities_detected"": []
    }
  ]
}",True,
15,1天津市蓟州区盘山_110336_7.jpg,Mountainous landscape,[],mountains; forest; sky,[],[],[],[],[],[],[],"{
  ""image_analysis_per_image"": [
    {
      ""image_summary"": ""Mountainous landscape"",
      ""visible_species_in_image"": [],
      ""landscape_elements"": [
        ""mountains"",
        ""forest"",
        ""sky""
      ],
      ""human_activities_in_image"": []
    }
  ]
}",True,
16,1天津市蓟州区盘山_110336_8.jpg,rocky stream in woods,[],stream; rocks; trees; forest,hiking; walking,[],[],hiking,[],[],"[{""activity"": ""hiking"", ""count_estimate"": ""multiple"", ""confidence"": 0.85}]","{
  ""image_analysis_per_image"": [
    {
      ""image_summary"": ""rocky stream in woods"",
      ""visible_species_in_image"": [],
      ""landscape_elements"": [
        ""stream"",
        ""rocks"",
        ""trees"",
        ""forest""
      ],
      ""human_activities_in_image"": [
        ""hiking"",
        ""walking""
      ],
      ""plants_detected"": [],
      ""animals_detected"": [],
      ""human_activities_detected"": [
        {
          ""activity"": ""hiking"",
          ""count_estimate"": ""multiple"",
          ""confidence"": 0.85
        }
      ]
    }
  ]
}",True,
17,1天津市蓟州区盘山_110336_9.jpg,waterfall landscape,[],rock waterfall; pool; trees; sky,[],[],[],[],[],[],[],"{
  ""image_analysis_per_image"": [
    {
      ""image_summary"": ""waterfall landscape"",
      ""visible_species_in_image"": [],
      ""landscape_elements"": [
        ""rock waterfall"",
        ""pool"",
        ""trees"",
        ""sky""
      ],
      ""human_activities_in_image"": [],
      ""plants_detected"": [],
      ""animals_detected"": [],
      ""human_activities_detected"": []
    }
  ]
}",True,
18,1天津市蓟州区盘山_113779_1.jpg,tall tree against blue sky,[],tree; sky; trees,[],Quercus,[],[],"[{""scientific_name"": ""Quercus"", ""count_estimate"": ""1"", ""confidence"": 0.85}]",[],[],"{
  ""image_analysis_per_image"": [
    {
      ""image_summary"": ""tall tree against blue sky"",
      ""visible_species_in_image"": [],
      ""landscape_elements"": [
        ""tree"",
        ""sky"",
        ""trees""
      ],
      ""human_activities_in_image"": [],
      ""plants_detected"": [
        {
          ""scientific_name"": ""Quercus"",
          ""count_estimate"": ""1"",
          ""confidence"": 0.85
        }
      ],
      ""animals_detected"": [],
      ""human_activities_detected"": []
    }
  ]
}",True,
19,1天津市蓟州区盘山_113779_2.jpg,Mountain landscape,Quercus variabilis,mountain; sky; trees,[],Quercus variabilis,[],[],"[{""scientific_name"": ""Quercus variabilis"", ""count_estimate"": ""multiple"", ""confidence"": 0.85}]",[],[],"{
  ""image_analysis_per_image"": [
    {
      ""image_summary"": ""Mountain landscape"",
      ""visible_species_in_image"": [
        ""Quercus variabilis""
      ],
      ""landscape_elements"": [
        ""mountain"",
        ""sky"",
        ""trees""
      ],
      ""human_activities_in_image"": [],
      ""plants_detected"": [
        {
          ""scientific_name"": ""Quercus variabilis"",
          ""count_estimate"": ""multiple"",
          ""confidence"": 0.85
        }
      ],
      ""animals_detected"": [],
      ""human_activities_detected"": []
    }
  ]
}",True,
20,1天津市蓟州区盘山_113779_3.jpg,Mountain landscape,[],mountains; sky; trees,[],[],[],[],[],[],[],"{
  ""image_analysis_per_image"": [
    {
      ""image_summary"": ""Mountain landscape"",
      ""visible_species_in_image"": [],
      ""landscape_elements"": [
        ""mountains"",
        ""sky"",
        ""trees""
      ],
      ""human_activities_in_image"": [],
      ""plants_detected"": [],
      ""animals_detected"": [],
      ""human_activities_detected"": []
    }
  ]
}",True,
21,1天津市蓟州区盘山_113779_4.jpg,red building wall,Juniperus,building; sky; trees,[],Juniperus,[],[],"[{""scientific_name"": ""Juniperus"", ""count_estimate"": ""1"", ""confidence"": 0.85}]",[],[],"{
  ""image_analysis_per_image"": [
    {
      ""image_summary"": ""red building wall"",
      ""visible_species_in_image"": [
        ""Juniperus""
      ],
      ""landscape_elements"": [
        ""building"",
        ""sky"",
        ""trees""
      ],
      ""human_activities_in_image"": [],
      ""plants_detected"": [
        {
          ""scientific_name"": ""Juniperus"",
          ""count_estimate"": ""1"",
          ""confidence"": 0.85
        }
      ],
      ""animals_detected"": [],
      ""human_activities_detected"": []
    }
  ]
}",True,
22,1天津市蓟州区盘山_113779_5.jpg,rocky hillside,[],hill; rocks; sky,[],[],[],[],[],[],[],"{
  ""image_analysis_per_image"": [
    {
      ""image_summary"": ""rocky hillside"",
      ""visible_species_in_image"": [],
      ""landscape_elements"": [
        ""hill"",
        ""rocks"",
        ""sky""
      ],
      ""human_activities_in_image"": [],
      ""plants_detected"": [],
      ""animals_detected"": [],
      ""human_activities_detected"": []
    }
  ]
}",True,
23,1天津市蓟州区盘山_118082_1.jpg,Grand traditional gate,[],mountains; sky; paved path,walking; standing; visiting,unknown,[],walking; standing,"[{""scientific_name"": ""unknown"", ""count_estimate"": ""multiple"", ""confidence"": 0.5}]",[],"[{""activity"": ""walking"", ""count_estimate"": ""many"", ""confidence"": 0.95}, {""activity"": ""standing"", ""count_estimate"": ""several"", ""confidence"": 0.9}]","{
  ""image_analysis_per_image"": [
    {
      ""image_summary"": ""Grand traditional gate"",
      ""visible_species_in_image"": [],
      ""landscape_elements"": [
        ""mountains"",
        ""sky"",
        ""paved path""
      ],
      ""human_activities_in_image"": [
        ""walking"",
        ""standing"",
        ""visiting""
      ],
      ""plants_detected"": [
        {
          ""scientific_name"": ""unknown"",
          ""count_estimate"": ""multiple"",
          ""confidence"": 0.5
        }
      ],
      ""animals_detected"": [],
      ""human_activities_detected"": [
        {
          ""activity"": ""walking"",
          ""count_estimate"": ""many"",
          ""confidence"": 0.95
        },
        {
          ""activity"": ""standing"",
          ""count_estimate"": ""several"",
          ""confidence"": 0.9
        }
      ]
    }
  ]
}",True,
24,1天津市蓟州区盘山_118082_2.jpg,Cable car on hill,[],hill; trees; sky; cableway tower,riding cable car,[],[],riding cable car,[],[],"[{""activity"": ""riding cable car"", ""count_estimate"": ""1"", ""confidence"": 0.95}]","{
  ""image_analysis_per_image"": [
    {
      ""image_summary"": ""Cable car on hill"",
      ""visible_species_in_image"": [],
      ""landscape_elements"": [
        ""hill"",
        ""trees"",
        ""sky"",
        ""cableway tower""
      ],
      ""human_activities_in_image"": [
        ""riding cable car""
      ],
      ""plants_detected"": [],
      ""animals_detected"": [],
      ""human_activities_detected"": [
        {
          ""activity"": ""riding cable car"",
          ""count_estimate"": ""1"",
          ""confidence"": 0.95
        }
      ]
    }
  ]
}",True,
25,1天津市蓟州区盘山_118082_3.jpg,crowded temple scene,[],temple; stone wall; trees; sky,visiting; walking; praying; taking photos,unknown,[],visiting; walking,"[{""scientific_name"": ""unknown"", ""count_estimate"": ""multiple"", ""confidence"": 0.65}]",[],"[{""activity"": ""visiting"", ""count_estimate"": ""many"", ""confidence"": 0.98}, {""activity"": ""walking"", ""count_estimate"": ""many"", ""confidence"": 0.95}]","{
  ""image_analysis_per_image"": [
    {
      ""image_summary"": ""crowded temple scene"",
      ""visible_species_in_image"": [],
      ""landscape_elements"": [
        ""temple"",
        ""stone wall"",
        ""trees"",
        ""sky""
      ],
      ""human_activities_in_image"": [
        ""visiting"",
        ""walking"",
        ""praying"",
        ""taking photos""
      ],
      ""plants_detected"": [
        {
          ""scientific_name"": ""unknown"",
          ""count_estimate"": ""multiple"",
          ""confidence"": 0.65
        }
      ],
      ""animals_detected"": [],
      ""human_activities_detected"": [
        {
          ""activity"": ""visiting"",
          ""count_estimate"": ""many"",
          ""confidence"": 0.98
        },
        {
          ""activity"": ""walking"",
          ""count_estimate"": ""many"",
          ""confidence"": 0.95
        }
      ]
    }
  ]
}",True,
26,1天津市蓟州区盘山_118082_4.jpg,tourists on steps,[],trees; stone steps; rock formation,walking; looking at phone,[],[],walking; using phone,[],[],"[{""activity"": ""walking"", ""count_estimate"": ""multiple"", ""confidence"": 0.98}, {""activity"": ""using phone"", ""count_estimate"": ""1"", ""confidence"": 0.95}]","{
  ""image_analysis_per_image"": [
    {
      ""image_summary"": ""tourists on steps"",
      ""visible_species_in_image"": [],
      ""landscape_elements"": [
        ""trees"",
        ""stone steps"",
        ""rock formation""
      ],
      ""human_activities_in_image"": [
        ""walking"",
        ""looking at phone""
      ],
      ""plants_detected"": [],
      ""animals_detected"": [],
      ""human_activities_detected"": [
        {
          ""activity"": ""walking"",
          ""count_estimate"": ""multiple"",
          ""confidence"": 0.98
        },
        {
          ""activity"": ""using phone"",
          ""count_estimate"": ""1"",
          ""confidence"": 0.95
        }
      ]
    }
  ]
}",True,
27,1天津市蓟州区盘山_118082_5.jpg,stone steps and rock,[],stone steps; rock wall; trees; sky,[],unknown,[],[],"[{""scientific_name"": ""unknown"", ""count_estimate"": ""multiple"", ""confidence"": 0.85}]",[],[],"{
  ""image_analysis_per_image"": [
    {
      ""image_summary"": ""stone steps and rock"",
      ""visible_species_in_image"": [],
      ""landscape_elements"": [
        ""stone steps"",
        ""rock wall"",
        ""trees"",
        ""sky""
      ],
      ""human_activities_in_image"": [],
      ""plants_detected"": [
        {
          ""scientific_name"": ""unknown"",
          ""count_estimate"": ""multiple"",
          ""confidence"": 0.85
        }
      ],
      ""animals_detected"": [],
      ""human_activities_detected"": []
    }
  ]
}",True,
28,1天津市蓟州区盘山_118082_6.jpg,Waterfall park scene,[],waterfall; trees; rocks; traditional building,walking; playing near water; observing waterfall,[],[],walking; playing near water,[],[],"[{""activity"": ""walking"", ""count_estimate"": ""multiple"", ""confidence"": 0.95}, {""activity"": ""playing near water"", ""count_estimate"": ""1"", ""confidence"": 0.85}]","{
  ""image_analysis_per_image"": [
    {
      ""image_summary"": ""Waterfall park scene"",
      ""visible_species_in_image"": [],
      ""landscape_elements"": [
        ""waterfall"",
        ""trees"",
        ""rocks"",
        ""traditional building""
      ],
      ""human_activities_in_image"": [
        ""walking"",
        ""playing near water"",
        ""observing waterfall""
      ],
      ""plants_detected"": [],
      ""animals_detected"": [],
      ""human_activities_detected"": [
        {
          ""activity"": ""walking"",
          ""count_estimate"": ""multiple"",
          ""confidence"": 0.95
        },
        {
          ""activity"": ""playing near water"",
          ""count_estimate"": ""1"",
          ""confidence"": 0.85
        }
      ]
    }
  ]
}",True,
29,1天津市蓟州区盘山_118082_7.jpg,ornate traditional gate,[],mountains; trees; sky,[],[],[],[],[],[],[],"{
  ""image_analysis_per_image"": [
    {
      ""image_summary"": ""ornate traditional gate"",
      ""visible_species_in_image"": [],
      ""landscape_elements"": [
        ""mountains"",
        ""trees"",
        ""sky""
      ],
      ""human_activities_in_image"": [],
      ""plants_detected"": [],
      ""animals_detected"": [],
      ""human_activities_detected"": []
    }
  ]
}",True,
30,1天津市蓟州区盘山_118082_8.jpg,scenic waterfall stream,[],waterfall; stream; stone fence; trees; rocky hillside,[],[],[],[],[],[],[],"{
  ""image_analysis_per_image"": [
    {
      ""image_summary"": ""scenic waterfall stream"",
      ""visible_species_in_image"": [],
      ""landscape_elements"": [
        ""waterfall"",
        ""stream"",
        ""stone fence"",
        ""trees"",
        ""rocky hillside""
      ],
      ""human_activities_in_image"": [],
      ""plants_detected"": [],
      ""animals_detected"": [],
      ""human_activities_detected"": []
    }
  ]
}",True,
31,1天津市蓟州区盘山_118082_9.jpg,waterfall on rocks,[],rocky cliff; waterfall; stream; trees,person standing,unknown,[],standing,"[{""scientific_name"": ""unknown"", ""count_estimate"": ""multiple"", ""confidence"": 0.75}]",[],"[{""activity"": ""standing"", ""count_estimate"": ""1"", ""confidence"": 0.9}]","{
  ""image_analysis_per_image"": [
    {
      ""image_summary"": ""waterfall on rocks"",
      ""visible_species_in_image"": [],
      ""landscape_elements"": [
        ""rocky cliff"",
        ""waterfall"",
        ""stream"",
        ""trees""
      ],
      ""human_activities_in_image"": [
        ""person standing""
      ],
      ""plants_detected"": [
        {
          ""scientific_name"": ""unknown"",
          ""count_estimate"": ""multiple"",
          ""confidence"": 0.75
        }
      ],
      ""animals_detected"": [],
      ""human_activities_detected"": [
        {
          ""activity"": ""standing"",
          ""count_estimate"": ""1"",
          ""confidence"": 0.9
        }
      ]
    }
  ]
}",True,
32,1天津市蓟州区盘山_118228_1.jpg,crowded tourist gate,[],stone steps; garden beds; mountains; paved path,walking; standing; touring,unknown,[],walking; standing; touring,"[{""scientific_name"": ""unknown"", ""count_estimate"": ""many"", ""confidence"": 0.65}]",[],"[{""activity"": ""walking"", ""count_estimate"": ""multiple"", ""confidence"": 0.95}, {""activity"": ""standing"", ""count_estimate"": ""multiple"", ""confidence"": 0.95}, {""activity"": ""touring"", ""count_estimate"": ""multiple"", ""confidence"": 0.95}]","{
  ""image_analysis_per_image"": [
    {
      ""image_summary"": ""crowded tourist gate"",
      ""visible_species_in_image"": [],
      ""landscape_elements"": [
        ""stone steps"",
        ""garden beds"",
        ""mountains"",
        ""paved path""
      ],
      ""human_activities_in_image"": [
        ""walking"",
        ""standing"",
        ""touring""
      ],
      ""plants_detected"": [
        {
          ""scientific_name"": ""unknown"",
          ""count_estimate"": ""many"",
          ""confidence"": 0.65
        }
      ],
      ""animals_detected"": [],
      ""human_activities_detected"": [
        {
          ""activity"": ""walking"",
          ""count_estimate"": ""multiple"",
          ""confidence"": 0.95
        },
        {
          ""activity"": ""standing"",
          ""count_estimate"": ""multiple"",
          ""confidence"": 0.95
        },
        {
          ""activity"": ""touring"",
          ""count_estimate"": ""multiple"",
          ""confidence"": 0.95
        }
      ]
    }
  ]
}",True,
33,1天津市蓟州区盘山_118228_2.jpg,monument on hill,[],hill; mountain; hedge; paved area,[],unknown,[],[],"[{""scientific_name"": ""unknown"", ""count_estimate"": ""many"", ""confidence"": 0.65}]",[],[],"{
  ""image_analysis_per_image"": [
    {
      ""image_summary"": ""monument on hill"",
      ""visible_species_in_image"": [],
      ""landscape_elements"": [
        ""hill"",
        ""mountain"",
        ""hedge"",
        ""paved area""
      ],
      ""human_activities_in_image"": [],
      ""plants_detected"": [
        {
          ""scientific_name"": ""unknown"",
          ""count_estimate"": ""many"",
          ""confidence"": 0.65
        }
      ],
      ""animals_detected"": [],
      ""human_activities_detected"": []
    }
  ]
}",True,
34,1天津市蓟州区盘山_118228_3.jpg,Waterfall garden scene,Pinus,waterfall; rock face; foliage; stone marker,[],Pinus sp.; Rosa sp.,[],[],"[{""scientific_name"": ""Pinus sp."", ""count_estimate"": ""multiple"", ""confidence"": 0.85}, {""scientific_name"": ""Rosa sp."", ""count_estimate"": ""many"", ""confidence"": 0.72}]",[],[],"{
  ""image_analysis_per_image"": [
    {
      ""image_summary"": ""Waterfall garden scene"",
      ""visible_species_in_image"": [
        ""Pinus""
      ],
      ""landscape_elements"": [
        ""waterfall"",
        ""rock face"",
        ""foliage"",
        ""stone marker""
      ],
      ""human_activities_in_image"": [],
      ""plants_detected"": [
        {
          ""scientific_name"": ""Pinus sp."",
          ""count_estimate"": ""multiple"",
          ""confidence"": 0.85
        },
        {
          ""scientific_name"": ""Rosa sp."",
          ""count_estimate"": ""many"",
          ""confidence"": 0.72
        }
      ],
      ""animals_detected"": [],
      ""human_activities_detected"": []
    }
  ]
}",True,
35,1天津市蓟州区盘山_118228_4.jpg,Grand temple complex,[],temple complex; paved walkway; parking lot; mountains; trees; sky,walking; tourism,[],[],walking,[],[],"[{""activity"": ""walking"", ""count_estimate"": ""multiple"", ""confidence"": 0.95}]","{
  ""image_analysis_per_image"": [
    {
      ""image_summary"": ""Grand temple complex"",
      ""visible_species_in_image"": [],
      ""landscape_elements"": [
        ""temple complex"",
        ""paved walkway"",
        ""parking lot"",
        ""mountains"",
        ""trees"",
        ""sky""
      ],
      ""human_activities_in_image"": [
        ""walking"",
        ""tourism""
      ],
      ""plants_detected"": [],
      ""animals_detected"": [],
      ""human_activities_detected"": [
        {
          ""activity"": ""walking"",
          ""count_estimate"": ""multiple"",
          ""confidence"": 0.95
        }
      ]
    }
  ]
}",True,
36,1天津市蓟州区盘山_118228_5.jpg,Traditional Chinese gate,[],mountains; paved path; sky,walking; sitting,[],[],walking; sitting,[],[],"[{""activity"": ""walking"", ""count_estimate"": ""multiple"", ""confidence"": 0.95}, {""activity"": ""sitting"", ""count_estimate"": ""2"", ""confidence"": 0.9}]","{
  ""image_analysis_per_image"": [
    {
      ""image_summary"": ""Traditional Chinese gate"",
      ""visible_species_in_image"": [],
      ""landscape_elements"": [
        ""mountains"",
        ""paved path"",
        ""sky""
      ],
      ""human_activities_in_image"": [
        ""walking"",
        ""sitting""
      ],
      ""plants_detected"": [],
      ""animals_detected"": [],
      ""human_activities_detected"": [
        {
          ""activity"": ""walking"",
          ""count_estimate"": ""multiple"",
          ""confidence"": 0.95
        },
        {
          ""activity"": ""sitting"",
          ""count_estimate"": ""2"",
          ""confidence"": 0.90
        }
      ]
    }
  ]
}",True,
37,1天津市蓟州区盘山_118228_6.jpg,tourist map display,[],map; signboard,[],[],[],[],[],[],[],"{
  ""image_analysis_per_image"": [
    {
      ""image_summary"": ""tourist map display"",
      ""visible_species_in_image"": [],
      ""landscape_elements"": [
        ""map"",
        ""signboard""
      ],
      ""human_activities_in_image"": [],
      ""plants_detected"": [],
      ""animals_detected"": [],
      ""human_activities_detected"": []
    }
  ]
}",True,
38,1天津市蓟州区盘山_118228_7.jpg,temple entrance,[],mountains; sky; paved path,[],[],[],[],[],[],[],"{
  ""image_analysis_per_image"": [
    {
      ""image_summary"": ""temple entrance"",
      ""visible_species_in_image"": [],
      ""landscape_elements"": [
        ""mountains"",
        ""sky"",
        ""paved path""
      ],
      ""human_activities_in_image"": [],
      ""plants_detected"": [],
      ""animals_detected"": [],
      ""human_activities_detected"": []
    }
  ]
}",True,
39,1天津市蓟州区盘山_118228_8.jpg,stone wall with calligraphy,[],stone wall; paved steps; sky,[],[],[],[],[],[],[],"{
  ""image_analysis_per_image"": [
    {
      ""image_summary"": ""stone wall with calligraphy"",
      ""visible_species_in_image"": [],
      ""landscape_elements"": [
        ""stone wall"",
        ""paved steps"",
        ""sky""
      ],
      ""human_activities_in_image"": [],
      ""plants_detected"": [],
      ""animals_detected"": [],
      ""human_activities_detected"": []
    }
  ]
}",True,
40,1天津市蓟州区盘山_118305_1.jpg,Chinese pagoda in trees,Pinus,trees; pagoda; sky,[],Pinus,[],[],"[{""scientific_name"": ""Pinus"", ""count_estimate"": ""multiple"", ""confidence"": 0.85}]",[],[],"{
  ""image_analysis_per_image"": [
    {
      ""image_summary"": ""Chinese pagoda in trees"",
      ""visible_species_in_image"": [
        ""Pinus""
      ],
      ""landscape_elements"": [
        ""trees"",
        ""pagoda"",
        ""sky""
      ],
      ""human_activities_in_image"": [],
      ""plants_detected"": [
        {
          ""scientific_name"": ""Pinus"",
          ""count_estimate"": ""multiple"",
          ""confidence"": 0.85
        }
      ],
      ""animals_detected"": [],
      ""human_activities_detected"": []
    }
  ]
}",True,
41,1天津市蓟州区盘山_118305_2.jpg,Temple on mountain,Pinus tabulaeformis,mountain; temple; sky; trees; rocky slope,climbing stairs; walking up path,Pinus tabulaeformis,[],climbing stairs; walking,"[{""scientific_name"": ""Pinus tabulaeformis"", ""count_estimate"": ""multiple"", ""confidence"": 0.85}]",[],"[{""activity"": ""climbing stairs"", ""count_estimate"": ""multiple"", ""confidence"": 0.75}, {""activity"": ""walking"", ""count_estimate"": ""multiple"", ""confidence"": 0.7}]","{
  ""image_analysis_per_image"": [
    {
      ""image_summary"": ""Temple on mountain"",
      ""visible_species_in_image"": [
        ""Pinus tabulaeformis""
      ],
      ""landscape_elements"": [
        ""mountain"",
        ""temple"",
        ""sky"",
        ""trees"",
        ""rocky slope""
      ],
      ""human_activities_in_image"": [
        ""climbing stairs"",
        ""walking up path""
      ],
      ""plants_detected"": [
        {
          ""scientific_name"": ""Pinus tabulaeformis"",
          ""count_estimate"": ""multiple"",
          ""confidence"": 0.85
        }
      ],
      ""animals_detected"": [],
      ""human_activities_detected"": [
        {
          ""activity"": ""climbing stairs"",
          ""count_estimate"": ""multiple"",
          ""confidence"": 0.75
        },
        {
          ""activity"": ""walking"",
          ""count_estimate"": ""multiple"",
          ""confidence"": 0.70
        }
      ]
    }
  ]
}",True,
42,1天津市蓟州区盘山_118305_3.jpg,mountainous landscape,[],mountains; sky; trees; rocks,[],[],[],[],[],[],[],"{
  ""image_analysis_per_image"": [
    {
      ""image_summary"": ""mountainous landscape"",
      ""visible_species_in_image"": [],
      ""landscape_elements"": [
        ""mountains"",
        ""sky"",
        ""trees"",
        ""rocks""
      ],
      ""human_activities_in_image"": [],
      ""plants_detected"": [],
      ""animals_detected"": [],
      ""human_activities_detected"": []
    }
  ]
}",True,
43,1天津市蓟州区盘山_118305_4.jpg,Golden pagoda garden,[],mountains; trees; pathway; hedges,[],[],[],[],[],[],[],"{
  ""image_analysis_per_image"": [
    {
      ""image_summary"": ""Golden pagoda garden"",
      ""visible_species_in_image"": [],
      ""landscape_elements"": [
        ""mountains"",
        ""trees"",
        ""pathway"",
        ""hedges""
      ],
      ""human_activities_in_image"": [],
      ""plants_detected"": [],
      ""animals_detected"": [],
      ""human_activities_detected"": []
    }
  ]
}",True,
44,1天津市蓟州区盘山_118305_5.jpg,Mountain peak with pagoda,[],mountain; sky; clouds; trees; pagoda,[],[],[],[],[],[],[],"{
  ""image_analysis_per_image"": [
    {
      ""image_summary"": ""Mountain peak with pagoda"",
      ""visible_species_in_image"": [],
      ""landscape_elements"": [
        ""mountain"",
        ""sky"",
        ""clouds"",
        ""trees"",
        ""pagoda""
      ],
      ""human_activities_in_image"": []
    }
  ]
}",True,
45,1天津市蓟州区盘山_118305_6.jpg,mountain landscape,Pinus tabulaeformis,mountains; sky; rocks,[],Pinus tabulaeformis,[],[],"[{""scientific_name"": ""Pinus tabulaeformis"", ""count_estimate"": ""multiple"", ""confidence"": 0.85}]",[],[],"{
  ""image_analysis_per_image"": [
    {
      ""image_summary"": ""mountain landscape"",
      ""visible_species_in_image"": [
        ""Pinus tabulaeformis""
      ],
      ""landscape_elements"": [
        ""mountains"",
        ""sky"",
        ""rocks""
      ],
      ""human_activities_in_image"": [],
      ""plants_detected"": [
        {
          ""scientific_name"": ""Pinus tabulaeformis"",
          ""count_estimate"": ""multiple"",
          ""confidence"": 0.85
        }
      ],
      ""animals_detected"": [],
      ""human_activities_detected"": []
    }
  ]
}",True,
46,1天津市蓟州区盘山_118331_1.jpg,Stone wall with carvings,grass,stone wall; carved text,[],unknown grass,[],[],"[{""scientific_name"": ""unknown grass"", ""count_estimate"": ""1"", ""confidence"": 0.75}]",[],[],"{
  ""image_analysis_per_image"": [
    {
      ""image_summary"": ""Stone wall with carvings"",
      ""visible_species_in_image"": [
        ""grass""
      ],
      ""landscape_elements"": [
        ""stone wall"",
        ""carved text""
      ],
      ""human_activities_in_image"": [],
      ""plants_detected"": [
        {
          ""scientific_name"": ""unknown grass"",
          ""count_estimate"": ""1"",
          ""confidence"": 0.75
        }
      ],
      ""animals_detected"": [],
      ""human_activities_detected"": []
    }
  ]
}",True,
47,1天津市蓟州区盘山_118331_2.jpg,Mountain path entrance,[],tree trunk; rock face; trees; sky,hiking,[],[],hiking,[],[],"[{""activity"": ""hiking"", ""count_estimate"": ""multiple"", ""confidence"": 0.85}]","{
  ""image_analysis_per_image"": [
    {
      ""image_summary"": ""Mountain path entrance"",
      ""visible_species_in_image"": [],
      ""landscape_elements"": [
        ""tree trunk"",
        ""rock face"",
        ""trees"",
        ""sky""
      ],
      ""human_activities_in_image"": [
        ""hiking""
      ],
      ""plants_detected"": [],
      ""animals_detected"": [],
      ""human_activities_detected"": [
        {
          ""activity"": ""hiking"",
          ""count_estimate"": ""multiple"",
          ""confidence"": 0.85
        }
      ]
    }
  ]
}",True,
48,1天津市蓟州区盘山_118331_3.jpg,Mountain peak pavilion,Pinus species,mountain; rocky cliff; sky; pavilion,[],[],[],[],[],[],[],"{
  ""image_analysis_per_image"": [
    {
      ""image_summary"": ""Mountain peak pavilion"",
      ""visible_species_in_image"": [
        ""Pinus species""
      ],
      ""landscape_elements"": [
        ""mountain"",
        ""rocky cliff"",
        ""sky"",
        ""pavilion""
      ],
      ""human_activities_in_image"": [],
      ""plants_detected"": [],
      ""animals_detected"": [],
      ""human_activities_detected"": []
    }
  ]
}",True,
49,1天津市蓟州区盘山_118352_1.jpg,Traditional Chinese gate,[],mountains; sky; paved path; hedges,standing; walking; visiting,unknown,[],standing; walking,"[{""scientific_name"": ""unknown"", ""count_estimate"": ""multiple"", ""confidence"": 0.85}]",[],"[{""activity"": ""standing"", ""count_estimate"": ""3"", ""confidence"": 0.95}, {""activity"": ""walking"", ""count_estimate"": ""2"", ""confidence"": 0.9}]","{
  ""image_analysis_per_image"": [
    {
      ""image_summary"": ""Traditional Chinese gate"",
      ""visible_species_in_image"": [],
      ""landscape_elements"": [
        ""mountains"",
        ""sky"",
        ""paved path"",
        ""hedges""
      ],
      ""human_activities_in_image"": [
        ""standing"",
        ""walking"",
        ""visiting""
      ],
      ""plants_detected"": [
        {
          ""scientific_name"": ""unknown"",
          ""count_estimate"": ""multiple"",
          ""confidence"": 0.85
        }
      ],
      ""animals_detected"": [],
      ""human_activities_detected"": [
        {
          ""activity"": ""standing"",
          ""count_estimate"": ""3"",
          ""confidence"": 0.95
        },
        {
          ""activity"": ""walking"",
          ""count_estimate"": ""2"",
          ""confidence"": 0.90
        }
      ]
    }
  ]
}",True,
50,1天津市蓟州区盘山_118352_2.jpg,ancient stone pagoda,Pinus,sky; stone tower; trees,standing; visiting,[],[],[],[],[],[],"{
  ""image_analysis_per_image"": [
    {
      ""image_summary"": ""ancient stone pagoda"",
      ""visible_species_in_image"": [
        ""Pinus""
      ],
      ""landscape_elements"": [
        ""sky"",
        ""stone tower"",
        ""trees""
      ],
      ""human_activities_in_image"": [
        ""standing"",
        ""visiting""
      ],
      ""plants_detected"": [],
      ""animals_detected"": [],
      ""human_activities_detected"": []
    }
  ]
}",True,
51,1天津市蓟州区盘山_118619_1.jpg,Temple roofs with pagoda,Ginkgo biloba,temple roof; pagoda; mountain; sky; trees,[],Ginkgo biloba,[],[],"[{""scientific_name"": ""Ginkgo biloba"", ""count_estimate"": ""multiple"", ""confidence"": 0.95}]",[],[],"{
  ""image_analysis_per_image"": [
    {
      ""image_summary"": ""Temple roofs with pagoda"",
      ""visible_species_in_image"": [
        ""Ginkgo biloba""
      ],
      ""landscape_elements"": [
        ""temple roof"",
        ""pagoda"",
        ""mountain"",
        ""sky"",
        ""trees""
      ],
      ""human_activities_in_image"": [],
      ""plants_detected"": [
        {
          ""scientific_name"": ""Ginkgo biloba"",
          ""count_estimate"": ""multiple"",
          ""confidence"": 0.95
        }
      ],
      ""animals_detected"": [],
      ""human_activities_detected"": []
    }
  ]
}",True,
52,1天津市蓟州区盘山_118619_2.jpg,clear blue sky,Pinus,sky; tree,[],Pinus,[],[],"[{""scientific_name"": ""Pinus"", ""count_estimate"": ""1"", ""confidence"": 0.85}]",[],[],"{
  ""image_analysis_per_image"": [
    {
      ""image_summary"": ""clear blue sky"",
      ""visible_species_in_image"": [
        ""Pinus""
      ],
      ""landscape_elements"": [
        ""sky"",
        ""tree""
      ],
      ""human_activities_in_image"": [],
      ""plants_detected"": [
        {
          ""scientific_name"": ""Pinus"",
          ""count_estimate"": ""1"",
          ""confidence"": 0.85
        }
      ],
      ""animals_detected"": [],
      ""human_activities_detected"": []
    }
  ]
}",True,
53,1天津市蓟州区盘山_118893_1.jpg,Ice cream in front of palace,[],palace; sky,holding ice cream,[],[],holding food,[],[],"[{""activity"": ""holding food"", ""count_estimate"": ""1"", ""confidence"": 0.95}]","{
  ""image_analysis_per_image"": [
    {
      ""image_summary"": ""Ice cream in front of palace"",
      ""visible_species_in_image"": [],
      ""landscape_elements"": [
        ""palace"",
        ""sky""
      ],
      ""human_activities_in_image"": [
        ""holding ice cream""
      ],
      ""plants_detected"": [],
      ""animals_detected"": [],
      ""human_activities_detected"": [
        {
          ""activity"": ""holding food"",
          ""count_estimate"": ""1"",
          ""confidence"": 0.95
        }
      ]
    }
  ]
}",True,
54,1天津市蓟州区盘山_118893_2.jpg,hand holding ice cream,[],traditional building; red wall; paved path; hills; sky,holding food; standing; walking,[],[],holding food,[],[],"[{""activity"": ""holding food"", ""count_estimate"": ""1"", ""confidence"": 0.95}]","{
  ""image_analysis_per_image"": [
    {
      ""image_summary"": ""hand holding ice cream"",
      ""visible_species_in_image"": [],
      ""landscape_elements"": [
        ""traditional building"",
        ""red wall"",
        ""paved path"",
        ""hills"",
        ""sky""
      ],
      ""human_activities_in_image"": [
        ""holding food"",
        ""standing"",
        ""walking""
      ],
      ""plants_detected"": [],
      ""animals_detected"": [],
      ""human_activities_detected"": [
        {
          ""activity"": ""holding food"",
          ""count_estimate"": ""1"",
          ""confidence"": 0.95
        }
      ]
    }
  ]
}",True,
55,1天津市蓟州区盘山_118893_3.jpg,Forest view of pagoda,[],mountain; trees; sky; rocky cliff,[],[],[],[],[],[],[],"{
  ""image_analysis_per_image"": [
    {
      ""image_summary"": ""Forest view of pagoda"",
      ""visible_species_in_image"": [],
      ""landscape_elements"": [
        ""mountain"",
        ""trees"",
        ""sky"",
        ""rocky cliff""
      ],
      ""human_activities_in_image"": [],
      ""plants_detected"": [],
      ""animals_detected"": [],
      ""human_activities_detected"": []
    }
  ]
}",True,
56,1天津市蓟州区盘山_118893_4.jpg,golden pagoda tower,[],trees; sky; tower,[],[],[],[],[],[],[],"{
  ""image_analysis_per_image"": [
    {
      ""image_summary"": ""golden pagoda tower"",
      ""visible_species_in_image"": [],
      ""landscape_elements"": [
        ""trees"",
        ""sky"",
        ""tower""
      ],
      ""human_activities_in_image"": [],
      ""plants_detected"": [],
      ""animals_detected"": [],
      ""human_activities_detected"": []
    }
  ]
}",True,
57,1天津市蓟州区盘山_118893_5.jpg,Temple entrance banner,[],temple building; banner; sky,walking,[],[],walking,[],[],"[{""activity"": ""walking"", ""count_estimate"": ""1"", ""confidence"": 0.85}]","{
  ""image_analysis_per_image"": [
    {
      ""image_summary"": ""Temple entrance banner"",
      ""visible_species_in_image"": [],
      ""landscape_elements"": [
        ""temple building"",
        ""banner"",
        ""sky""
      ],
      ""human_activities_in_image"": [
        ""walking""
      ],
      ""plants_detected"": [],
      ""animals_detected"": [],
      ""human_activities_detected"": [
        {
          ""activity"": ""walking"",
          ""count_estimate"": ""1"",
          ""confidence"": 0.85
        }
      ]
    }
  ]
}",True,
58,1天津市蓟州区盘山_118893_6.jpg,Cable cars on mountain,[],mountain; forest; sky,riding cable car; traveling,[],[],riding cable car,[],[],"[{""activity"": ""riding cable car"", ""count_estimate"": ""multiple"", ""confidence"": 0.95}]","{
  ""image_analysis_per_image"": [
    {
      ""image_summary"": ""Cable cars on mountain"",
      ""visible_species_in_image"": [],
      ""landscape_elements"": [
        ""mountain"",
        ""forest"",
        ""sky""
      ],
      ""human_activities_in_image"": [
        ""riding cable car"",
        ""traveling""
      ],
      ""plants_detected"": [],
      ""animals_detected"": [],
      ""human_activities_detected"": [
        {
          ""activity"": ""riding cable car"",
          ""count_estimate"": ""multiple"",
          ""confidence"": 0.95
        }
      ]
    }
  ]
}",True,
59,1天津市蓟州区盘山_118893_7.jpg,ancient stone pagoda,[],blue sky; clouds; stone tower,[],[],[],[],[],[],[],"{
  ""image_analysis_per_image"": [
    {
      ""image_summary"": ""ancient stone pagoda"",
      ""visible_species_in_image"": [],
      ""landscape_elements"": [
        ""blue sky"",
        ""clouds"",
        ""stone tower""
      ],
      ""human_activities_in_image"": [],
      ""plants_detected"": [],
      ""animals_detected"": [],
      ""human_activities_detected"": []
    }
  ]
}",True,
60,1天津市蓟州区盘山_118893_8.jpg,Mountain tower view,Cupressus funebris,mountains; sky; tower; trees,[],Cupressus funebris,[],[],"[{""scientific_name"": ""Cupressus funebris"", ""count_estimate"": ""multiple"", ""confidence"": 0.85}]",[],[],"{
  ""image_analysis_per_image"": [
    {
      ""image_summary"": ""Mountain tower view"",
      ""visible_species_in_image"": [
        ""Cupressus funebris""
      ],
      ""landscape_elements"": [
        ""mountains"",
        ""sky"",
        ""tower"",
        ""trees""
      ],
      ""human_activities_in_image"": [],
      ""plants_detected"": [
        {
          ""scientific_name"": ""Cupressus funebris"",
          ""count_estimate"": ""multiple"",
          ""confidence"": 0.85
        }
      ],
      ""animals_detected"": [],
      ""human_activities_detected"": []
    }
  ]
}",True,
61,1天津市蓟州区盘山_118893_9.jpg,Golden temple roof,[],blue sky; mountains; roof,[],unknown,[],[],"[{""scientific_name"": ""unknown"", ""count_estimate"": ""1"", ""confidence"": 0.75}]",[],[],"{
  ""image_analysis_per_image"": [
    {
      ""image_summary"": ""Golden temple roof"",
      ""visible_species_in_image"": [],
      ""landscape_elements"": [
        ""blue sky"",
        ""mountains"",
        ""roof""
      ],
      ""human_activities_in_image"": [],
      ""plants_detected"": [
        {
          ""scientific_name"": ""unknown"",
          ""count_estimate"": ""1"",
          ""confidence"": 0.75
        }
      ],
      ""animals_detected"": [],
      ""human_activities_detected"": []
    }
  ]
}",True,
62,1天津市蓟州区盘山_118898_1.jpg,large rock with inscriptions,[],rock; sky,[],[],[],[],[],[],[],"{
  ""image_analysis_per_image"": [
    {
      ""image_summary"": ""large rock with inscriptions"",
      ""visible_species_in_image"": [],
      ""landscape_elements"": [
        ""rock"",
        ""sky""
      ],
      ""human_activities_in_image"": [],
      ""plants_detected"": [],
      ""animals_detected"": [],
      ""human_activities_detected"": []
    }
  ]
}",True,
63,1天津市蓟州区盘山_118898_2.jpg,Chinese temple with mountains,[],mountains; sky; paved area,[],unknown,[],[],"[{""scientific_name"": ""unknown"", ""count_estimate"": ""multiple"", ""confidence"": 0.5}]",[],[],"{
  ""image_analysis_per_image"": [
    {
      ""image_summary"": ""Chinese temple with mountains"",
      ""visible_species_in_image"": [],
      ""landscape_elements"": [
        ""mountains"",
        ""sky"",
        ""paved area""
      ],
      ""human_activities_in_image"": [],
      ""plants_detected"": [
        {
          ""scientific_name"": ""unknown"",
          ""count_estimate"": ""multiple"",
          ""confidence"": 0.5
        }
      ],
      ""animals_detected"": [],
      ""human_activities_detected"": []
    }
  ]
}",True,
64,1天津市蓟州区盘山_118898_3.jpg,Traditional Chinese gate,[],mountains; sky; trees,[],[],[],[],[],[],[],"{
  ""image_analysis_per_image"": [
    {
      ""image_summary"": ""Traditional Chinese gate"",
      ""visible_species_in_image"": [],
      ""landscape_elements"": [
        ""mountains"",
        ""sky"",
        ""trees""
      ],
      ""human_activities_in_image"": [],
      ""plants_detected"": [],
      ""animals_detected"": [],
      ""human_activities_detected"": []
    }
  ]
}",True,
65,1天津市蓟州区盘山_118987_1.jpg,scenic mountain peak,Pinus,mountain; sky; forest; tower,[],Pinus,[],[],"[{""scientific_name"": ""Pinus"", ""count_estimate"": ""multiple"", ""confidence"": 0.85}]",[],[],"{
  ""image_analysis_per_image"": [
    {
      ""image_summary"": ""scenic mountain peak"",
      ""visible_species_in_image"": [
        ""Pinus""
      ],
      ""landscape_elements"": [
        ""mountain"",
        ""sky"",
        ""forest"",
        ""tower""
      ],
      ""human_activities_in_image"": [],
      ""plants_detected"": [
        {
          ""scientific_name"": ""Pinus"",
          ""count_estimate"": ""multiple"",
          ""confidence"": 0.85
        }
      ],
      ""animals_detected"": [],
      ""human_activities_detected"": []
    }
  ]
}",True,
66,1天津市蓟州区盘山_118987_2.jpg,traditional pagoda roof,[],blue sky,[],[],[],[],[],[],[],"{
  ""image_analysis_per_image"": [
    {
      ""image_summary"": ""traditional pagoda roof"",
      ""visible_species_in_image"": [],
      ""landscape_elements"": [
        ""blue sky""
      ],
      ""human_activities_in_image"": [],
      ""plants_detected"": [],
      ""animals_detected"": [],
      ""human_activities_detected"": []
    }
  ]
}",True,
67,1天津市蓟州区盘山_118987_3.jpg,Mountain landscape with large rock,unknown tree,mountain; rock; sky; trees,[],[],[],[],[],[],[],"{
  ""image_analysis_per_image"": [
    {
      ""image_summary"": ""Mountain landscape with large rock"",
      ""visible_species_in_image"": [
        ""unknown tree""
      ],
      ""landscape_elements"": [
        ""mountain"",
        ""rock"",
        ""sky"",
        ""trees""
      ],
      ""human_activities_in_image"": [],
      ""plants_detected"": [],
      ""animals_detected"": [],
      ""human_activities_detected"": []
    }
  ]
}",True,
68,1天津市蓟州区盘山_1330456_1.jpg,crowded stairs,[],stairs; trees; sky,walking; climbing stairs; touring,unknown,[],walking,"[{""scientific_name"": ""unknown"", ""count_estimate"": ""many"", ""confidence"": 0.65}]",[],"[{""activity"": ""walking"", ""count_estimate"": ""many"", ""confidence"": 0.95}]","{
  ""image_analysis_per_image"": [
    {
      ""image_summary"": ""crowded stairs"",
      ""visible_species_in_image"": [],
      ""landscape_elements"": [
        ""stairs"",
        ""trees"",
        ""sky""
      ],
      ""human_activities_in_image"": [
        ""walking"",
        ""climbing stairs"",
        ""touring""
      ],
      ""plants_detected"": [
        {
          ""scientific_name"": ""unknown"",
          ""count_estimate"": ""many"",
          ""confidence"": 0.65
        }
      ],
      ""animals_detected"": [],
      ""human_activities_detected"": [
        {
          ""activity"": ""walking"",
          ""count_estimate"": ""many"",
          ""confidence"": 0.95
        }
      ]
    }
  ]
}",True,
69,1天津市蓟州区盘山_1330456_2.jpg,Artificial waterfall scene,[],waterfall; pond; rock formation; trees; hill,[],unknown moss; conifer,[],[],"[{""scientific_name"": ""unknown moss"", ""count_estimate"": ""multiple"", ""confidence"": 0.75}, {""scientific_name"": ""conifer"", ""count_estimate"": ""several"", ""confidence"": 0.9}]",[],[],"{
  ""image_analysis_per_image"": [
    {
      ""image_summary"": ""Artificial waterfall scene"",
      ""visible_species_in_image"": [],
      ""landscape_elements"": [
        ""waterfall"",
        ""pond"",
        ""rock formation"",
        ""trees"",
        ""hill""
      ],
      ""human_activities_in_image"": [],
      ""plants_detected"": [
        {
          ""scientific_name"": ""unknown moss"",
          ""count_estimate"": ""multiple"",
          ""confidence"": 0.75
        },
        {
          ""scientific_name"": ""conifer"",
          ""count_estimate"": ""several"",
          ""confidence"": 0.9
        }
      ],
      ""animals_detected"": [],
      ""human_activities_detected"": []
    }
  ]
}",True,
70,1天津市蓟州区盘山_1330456_3.jpg,Chinese gate entrance,[],road; mountains; sky; grass,walking; standing,[],[],[],[],[],[],"{
  ""image_analysis_per_image"": [
    {
      ""image_summary"": ""Chinese gate entrance"",
      ""visible_species_in_image"": [],
      ""landscape_elements"": [
        ""road"",
        ""mountains"",
        ""sky"",
        ""grass""
      ],
      ""human_activities_in_image"": [
        ""walking"",
        ""standing""
      ],
      ""plants_detected"": [],
      ""animals_detected"": [],
      ""human_activities_detected"": []
    }
  ]
}",True,
71,1天津市蓟州区盘山_1330456_4.jpg,traditional wooden sign,Picea,trees; paved path; building,[],Picea sp.; Iris sp.,[],[],"[{""scientific_name"": ""Picea sp."", ""count_estimate"": ""1"", ""confidence"": 0.85}, {""scientific_name"": ""Iris sp."", ""count_estimate"": ""multiple"", ""confidence"": 0.75}]",[],[],"{
  ""image_analysis_per_image"": [
    {
      ""image_summary"": ""traditional wooden sign"",
      ""visible_species_in_image"": [
        ""Picea""
      ],
      ""landscape_elements"": [
        ""trees"",
        ""paved path"",
        ""building""
      ],
      ""human_activities_in_image"": [],
      ""plants_detected"": [
        {
          ""scientific_name"": ""Picea sp."",
          ""count_estimate"": ""1"",
          ""confidence"": 0.85
        },
        {
          ""scientific_name"": ""Iris sp."",
          ""count_estimate"": ""multiple"",
          ""confidence"": 0.75
        }
      ],
      ""animals_detected"": [],
      ""human_activities_detected"": []
    }
  ]
}",True,
72,1天津市蓟州区盘山_1330456_5.jpg,person at monument,[],monument; hedge; paved path,standing; posing for photo,unknown,[],posing for photo,"[{""scientific_name"": ""unknown"", ""count_estimate"": ""1"", ""confidence"": 0.85}]",[],"[{""activity"": ""posing for photo"", ""count_estimate"": ""1"", ""confidence"": 0.95}]","{
  ""image_analysis_per_image"": [
    {
      ""image_summary"": ""person at monument"",
      ""visible_species_in_image"": [],
      ""landscape_elements"": [
        ""monument"",
        ""hedge"",
        ""paved path""
      ],
      ""human_activities_in_image"": [
        ""standing"",
        ""posing for photo""
      ],
      ""plants_detected"": [
        {
          ""scientific_name"": ""unknown"",
          ""count_estimate"": ""1"",
          ""confidence"": 0.85
        }
      ],
      ""animals_detected"": [],
      ""human_activities_detected"": [
        {
          ""activity"": ""posing for photo"",
          ""count_estimate"": ""1"",
          ""confidence"": 0.95
        }
      ]
    }
  ]
}",True,
73,1天津市蓟州区盘山_1331133_1.jpg,Forest stream scene,[],stream; rocks; trees; sky,hiking; sitting,[],[],hiking; sitting,[],[],"[{""activity"": ""hiking"", ""count_estimate"": ""multiple"", ""confidence"": 0.95}, {""activity"": ""sitting"", ""count_estimate"": ""1"", ""confidence"": 0.85}]","{
  ""image_analysis_per_image"": [
    {
      ""image_summary"": ""Forest stream scene"",
      ""visible_species_in_image"": [],
      ""landscape_elements"": [
        ""stream"",
        ""rocks"",
        ""trees"",
        ""sky""
      ],
      ""human_activities_in_image"": [
        ""hiking"",
        ""sitting""
      ],
      ""plants_detected"": [],
      ""animals_detected"": [],
      ""human_activities_detected"": [
        {
          ""activity"": ""hiking"",
          ""count_estimate"": ""multiple"",
          ""confidence"": 0.95
        },
        {
          ""activity"": ""sitting"",
          ""count_estimate"": ""1"",
          ""confidence"": 0.85
        }
      ]
    }
  ]
}",True,
74,1天津市蓟州区盘山_1331133_2.jpg,Rocky waterfall,[],rocky cliff; waterfall; trees; large boulders,[],[],[],[],[],[],[],"{
  ""image_analysis_per_image"": [
    {
      ""image_summary"": ""Rocky waterfall"",
      ""visible_species_in_image"": [],
      ""landscape_elements"": [
        ""rocky cliff"",
        ""waterfall"",
        ""trees"",
        ""large boulders""
      ],
      ""human_activities_in_image"": [],
      ""plants_detected"": [],
      ""animals_detected"": [],
      ""human_activities_detected"": []
    }
  ]
}",True,
75,1天津市蓟州区盘山_1331133_3.jpg,people walking near stream,Viburnum,stream; large rocks; stone wall; trees; forest,walking; standing,unknown,[],walking,"[{""scientific_name"": ""unknown"", ""count_estimate"": ""multiple"", ""confidence"": 0.65}]",[],"[{""activity"": ""walking"", ""count_estimate"": ""multiple"", ""confidence"": 0.95}]","{
  ""image_analysis_per_image"": [
    {
      ""image_summary"": ""people walking near stream"",
      ""visible_species_in_image"": [
        ""Viburnum""
      ],
      ""landscape_elements"": [
        ""stream"",
        ""large rocks"",
        ""stone wall"",
        ""trees"",
        ""forest""
      ],
      ""human_activities_in_image"": [
        ""walking"",
        ""standing""
      ],
      ""plants_detected"": [
        {
          ""scientific_name"": ""unknown"",
          ""count_estimate"": ""multiple"",
          ""confidence"": 0.65
        }
      ],
      ""animals_detected"": [],
      ""human_activities_detected"": [
        {
          ""activity"": ""walking"",
          ""count_estimate"": ""multiple"",
          ""confidence"": 0.95
        }
      ]
    }
  ]
}",True,
76,1天津市蓟州区盘山_1331133_4.jpg,Forest stream with visitors,[],forest; stream; waterfall; stone steps; hills,sitting; walking; resting,[],[],sitting; walking,[],[],"[{""activity"": ""sitting"", ""count_estimate"": ""3"", ""confidence"": 0.95}, {""activity"": ""walking"", ""count_estimate"": ""2"", ""confidence"": 0.85}]","{
  ""image_analysis_per_image"": [
    {
      ""image_summary"": ""Forest stream with visitors"",
      ""visible_species_in_image"": [],
      ""landscape_elements"": [
        ""forest"",
        ""stream"",
        ""waterfall"",
        ""stone steps"",
        ""hills""
      ],
      ""human_activities_in_image"": [
        ""sitting"",
        ""walking"",
        ""resting""
      ],
      ""plants_detected"": [],
      ""animals_detected"": [],
      ""human_activities_detected"": [
        {
          ""activity"": ""sitting"",
          ""count_estimate"": ""3"",
          ""confidence"": 0.95
        },
        {
          ""activity"": ""walking"",
          ""count_estimate"": ""2"",
          ""confidence"": 0.85
        }
      ]
    }
  ]
}",True,
77,1天津市蓟州区盘山_1331133_5.jpg,Forest trail with rock carving,[],forest; stream; rock; path,walking; hiking,unknown,[],walking,"[{""scientific_name"": ""unknown"", ""count_estimate"": ""multiple"", ""confidence"": 0.5}]",[],"[{""activity"": ""walking"", ""count_estimate"": ""multiple"", ""confidence"": 0.9}]","{
  ""image_analysis_per_image"": [
    {
      ""image_summary"": ""Forest trail with rock carving"",
      ""visible_species_in_image"": [],
      ""landscape_elements"": [
        ""forest"",
        ""stream"",
        ""rock"",
        ""path""
      ],
      ""human_activities_in_image"": [
        ""walking"",
        ""hiking""
      ],
      ""plants_detected"": [
        {
          ""scientific_name"": ""unknown"",
          ""count_estimate"": ""multiple"",
          ""confidence"": 0.5
        }
      ],
      ""animals_detected"": [],
      ""human_activities_detected"": [
        {
          ""activity"": ""walking"",
          ""count_estimate"": ""multiple"",
          ""confidence"": 0.9
        }
      ]
    }
  ]
}",True,
78,1天津市蓟州区盘山_1331133_6.jpg,stone wall with trees,Vitis amurensis; Prunus serrulata,stone wall; pathway; trees; building,walking; standing,Vitis amurensis; Prunus serrulata,[],walking; standing,"[{""scientific_name"": ""Vitis amurensis"", ""count_estimate"": ""1"", ""confidence"": 0.85}, {""scientific_name"": ""Prunus serrulata"", ""count_estimate"": ""multiple"", ""confidence"": 0.72}]",[],"[{""activity"": ""walking"", ""count_estimate"": ""1"", ""confidence"": 0.95}, {""activity"": ""standing"", ""count_estimate"": ""3"", ""confidence"": 0.8}]","{
  ""image_analysis_per_image"": [
    {
      ""image_summary"": ""stone wall with trees"",
      ""visible_species_in_image"": [
        ""Vitis amurensis"",
        ""Prunus serrulata""
      ],
      ""landscape_elements"": [
        ""stone wall"",
        ""pathway"",
        ""trees"",
        ""building""
      ],
      ""human_activities_in_image"": [
        ""walking"",
        ""standing""
      ],
      ""plants_detected"": [
        {
          ""scientific_name"": ""Vitis amurensis"",
          ""count_estimate"": ""1"",
          ""confidence"": 0.85
        },
        {
          ""scientific_name"": ""Prunus serrulata"",
          ""count_estimate"": ""multiple"",
          ""confidence"": 0.72
        }
      ],
      ""animals_detected"": [],
      ""human_activities_detected"": [
        {
          ""activity"": ""walking"",
          ""count_estimate"": ""1"",
          ""confidence"": 0.95
        },
        {
          ""activity"": ""standing"",
          ""count_estimate"": ""3"",
          ""confidence"": 0.80
        }
      ]
    }
  ]
}",True,
79,1天津市蓟州区盘山_1331133_7.jpg,Temple by water with visitors,[],river; trees; stone wall; temple; pathway,standing; walking; taking photos,unknown,[],standing; walking; taking photos,"[{""scientific_name"": ""unknown"", ""count_estimate"": ""many"", ""confidence"": 0.5}]",[],"[{""activity"": ""standing"", ""count_estimate"": ""3"", ""confidence"": 1.0}, {""activity"": ""walking"", ""count_estimate"": ""2"", ""confidence"": 1.0}, {""activity"": ""taking photos"", ""count_estimate"": ""1"", ""confidence"": 1.0}]","{
  ""image_analysis_per_image"": [
    {
      ""image_summary"": ""Temple by water with visitors"",
      ""visible_species_in_image"": [],
      ""landscape_elements"": [
        ""river"",
        ""trees"",
        ""stone wall"",
        ""temple"",
        ""pathway""
      ],
      ""human_activities_in_image"": [
        ""standing"",
        ""walking"",
        ""taking photos""
      ],
      ""plants_detected"": [
        {
          ""scientific_name"": ""unknown"",
          ""count_estimate"": ""many"",
          ""confidence"": 0.5
        }
      ],
      ""animals_detected"": [],
      ""human_activities_detected"": [
        {
          ""activity"": ""standing"",
          ""count_estimate"": ""3"",
          ""confidence"": 1.0
        },
        {
          ""activity"": ""walking"",
          ""count_estimate"": ""2"",
          ""confidence"": 1.0
        },
        {
          ""activity"": ""taking photos"",
          ""count_estimate"": ""1"",
          ""confidence"": 1.0
        }
      ]
    }
  ]
}",True,
80,1天津市蓟州区盘山_1331133_8.jpg,golden pagoda,Pinus tabulaeformis,tower; trees; rock face; stone base,[],Pinus tabulaeformis,[],[],"[{""scientific_name"": ""Pinus tabulaeformis"", ""count_estimate"": ""1"", ""confidence"": 0.95}]",[],[],"{
  ""image_analysis_per_image"": [
    {
      ""image_summary"": ""golden pagoda"",
      ""visible_species_in_image"": [
        ""Pinus tabulaeformis""
      ],
      ""landscape_elements"": [
        ""tower"",
        ""trees"",
        ""rock face"",
        ""stone base""
      ],
      ""human_activities_in_image"": [],
      ""plants_detected"": [
        {
          ""scientific_name"": ""Pinus tabulaeformis"",
          ""count_estimate"": ""1"",
          ""confidence"": 0.95
        }
      ],
      ""animals_detected"": [],
      ""human_activities_detected"": []
    }
  ]
}",True,
81,1天津市蓟州区盘山_1331133_9.jpg,ancient stone pagoda,[],sky; tree,standing; visiting,[],[],standing,[],[],"[{""activity"": ""standing"", ""count_estimate"": ""1"", ""confidence"": 0.95}]","{
  ""image_analysis_per_image"": [
    {
      ""image_summary"": ""ancient stone pagoda"",
      ""visible_species_in_image"": [],
      ""landscape_elements"": [
        ""sky"",
        ""tree""
      ],
      ""human_activities_in_image"": [
        ""standing"",
        ""visiting""
      ],
      ""plants_detected"": [],
      ""animals_detected"": [],
      ""human_activities_detected"": [
        {
          ""activity"": ""standing"",
          ""count_estimate"": ""1"",
          ""confidence"": 0.95
        }
      ]
    }
  ]
}",True,
82,1天津市蓟州区盘山_1331988_1.jpg,Ancient stone tower,Pinus; Betula,stone tower; trees; sky,sitting on ledge,Pinus; Betula,[],sitting,"[{""scientific_name"": ""Pinus"", ""count_estimate"": ""multiple"", ""confidence"": 0.95}, {""scientific_name"": ""Betula"", ""count_estimate"": ""multiple"", ""confidence"": 0.85}]",[],"[{""activity"": ""sitting"", ""count_estimate"": ""2"", ""confidence"": 0.9}]","{
  ""image_analysis_per_image"": [
    {
      ""image_summary"": ""Ancient stone tower"",
      ""visible_species_in_image"": [
        ""Pinus"",
        ""Betula""
      ],
      ""landscape_elements"": [
        ""stone tower"",
        ""trees"",
        ""sky""
      ],
      ""human_activities_in_image"": [
        ""sitting on ledge""
      ],
      ""plants_detected"": [
        {
          ""scientific_name"": ""Pinus"",
          ""count_estimate"": ""multiple"",
          ""confidence"": 0.95
        },
        {
          ""scientific_name"": ""Betula"",
          ""count_estimate"": ""multiple"",
          ""confidence"": 0.85
        }
      ],
      ""animals_detected"": [],
      ""human_activities_detected"": [
        {
          ""activity"": ""sitting"",
          ""count_estimate"": ""2"",
          ""confidence"": 0.90
        }
      ]
    }
  ]
}",True,
83,1天津市蓟州区盘山_1331988_2.jpg,Temple on hillside,[],temple; pathway; trees; mountain,walking,[],[],walking,[],[],"[{""activity"": ""walking"", ""count_estimate"": ""multiple"", ""confidence"": 0.95}]","{
  ""image_analysis_per_image"": [
    {
      ""image_summary"": ""Temple on hillside"",
      ""visible_species_in_image"": [],
      ""landscape_elements"": [
        ""temple"",
        ""pathway"",
        ""trees"",
        ""mountain""
      ],
      ""human_activities_in_image"": [
        ""walking""
      ],
      ""plants_detected"": [],
      ""animals_detected"": [],
      ""human_activities_detected"": [
        {
          ""activity"": ""walking"",
          ""count_estimate"": ""multiple"",
          ""confidence"": 0.95
        }
      ]
    }
  ]
}",True,
84,1天津市蓟州区盘山_1331988_3.jpg,Mountain temple,Pinus tabuliformis,rocky hill; temple; sky,visiting; standing,[],[],[],[],[],[],"{
  ""image_analysis_per_image"": [
    {
      ""image_summary"": ""Mountain temple"",
      ""visible_species_in_image"": [
        ""Pinus tabuliformis""
      ],
      ""landscape_elements"": [
        ""rocky hill"",
        ""temple"",
        ""sky""
      ],
      ""human_activities_in_image"": [
        ""visiting"",
        ""standing""
      ],
      ""plants_detected"": [],
      ""animals_detected"": [],
      ""human_activities_detected"": []
    }
  ]
}",True,
85,1天津市蓟州区盘山_1350212_1.jpg,Waterfall garden scene,Ficus verticillata; Cinnamomum camphora,waterfall; pond; rocks; trees; hillside,[],Ficus verticillata; Cinnamomum camphora,[],[],"[{""scientific_name"": ""Ficus verticillata"", ""count_estimate"": ""many"", ""confidence"": 0.85}, {""scientific_name"": ""Cinnamomum camphora"", ""count_estimate"": ""multiple"", ""confidence"": 0.72}]",[],[],"{
  ""image_analysis_per_image"": [
    {
      ""image_summary"": ""Waterfall garden scene"",
      ""visible_species_in_image"": [
        ""Ficus verticillata"",
        ""Cinnamomum camphora""
      ],
      ""landscape_elements"": [
        ""waterfall"",
        ""pond"",
        ""rocks"",
        ""trees"",
        ""hillside""
      ],
      ""human_activities_in_image"": [],
      ""plants_detected"": [
        {
          ""scientific_name"": ""Ficus verticillata"",
          ""count_estimate"": ""many"",
          ""confidence"": 0.85
        },
        {
          ""scientific_name"": ""Cinnamomum camphora"",
          ""count_estimate"": ""multiple"",
          ""confidence"": 0.72
        }
      ],
      ""animals_detected"": [],
      ""human_activities_detected"": []
    }
  ]
}",True,
86,1天津市蓟州区盘山_1350212_2.jpg,temple garden scene,Juniperus chinensis,stone path; hedges; mountain; tower; sky,[],Juniperus chinensis,[],[],"[{""scientific_name"": ""Juniperus chinensis"", ""count_estimate"": ""multiple"", ""confidence"": 0.85}]",[],[],"{
  ""image_analysis_per_image"": [
    {
      ""image_summary"": ""temple garden scene"",
      ""visible_species_in_image"": [
        ""Juniperus chinensis""
      ],
      ""landscape_elements"": [
        ""stone path"",
        ""hedges"",
        ""mountain"",
        ""tower"",
        ""sky""
      ],
      ""human_activities_in_image"": [],
      ""plants_detected"": [
        {
          ""scientific_name"": ""Juniperus chinensis"",
          ""count_estimate"": ""multiple"",
          ""confidence"": 0.85
        }
      ],
      ""animals_detected"": [],
      ""human_activities_detected"": []
    }
  ]
}",True,
87,1天津市蓟州区盘山_1350212_3.jpg,Temple on rocky peak,Pinus tabulaeformis,rocky mountain; sky; temple structure,[],Pinus tabulaeformis,[],[],"[{""scientific_name"": ""Pinus tabulaeformis"", ""count_estimate"": ""multiple"", ""confidence"": 0.95}]",[],[],"{
  ""image_analysis_per_image"": [
    {
      ""image_summary"": ""Temple on rocky peak"",
      ""visible_species_in_image"": [
        ""Pinus tabulaeformis""
      ],
      ""landscape_elements"": [
        ""rocky mountain"",
        ""sky"",
        ""temple structure""
      ],
      ""human_activities_in_image"": [],
      ""plants_detected"": [
        {
          ""scientific_name"": ""Pinus tabulaeformis"",
          ""count_estimate"": ""multiple"",
          ""confidence"": 0.95
        }
      ],
      ""animals_detected"": [],
      ""human_activities_detected"": []
    }
  ]
}",True,
88,1天津市蓟州区盘山_1350212_4.jpg,ancient stone tower,Pinus tabulaeformis,tower; mountains; sky; distant valley,[],Pinus tabulaeformis,[],[],"[{""scientific_name"": ""Pinus tabulaeformis"", ""count_estimate"": ""multiple"", ""confidence"": 0.85}]",[],[],"{
  ""image_analysis_per_image"": [
    {
      ""image_summary"": ""ancient stone tower"",
      ""visible_species_in_image"": [
        ""Pinus tabulaeformis""
      ],
      ""landscape_elements"": [
        ""tower"",
        ""mountains"",
        ""sky"",
        ""distant valley""
      ],
      ""human_activities_in_image"": [],
      ""plants_detected"": [
        {
          ""scientific_name"": ""Pinus tabulaeformis"",
          ""count_estimate"": ""multiple"",
          ""confidence"": 0.85
        }
      ],
      ""animals_detected"": [],
      ""human_activities_detected"": []
    }
  ]
}",True,
89,1天津市蓟州区盘山_1354033_1.jpg,waterfall park scene,[],stream; rocky terrain; stone stairs; trees,walking; standing,[],[],walking,[],[],"[{""activity"": ""walking"", ""count_estimate"": ""multiple"", ""confidence"": 0.95}]","{
  ""image_analysis_per_image"": [
    {
      ""image_summary"": ""waterfall park scene"",
      ""visible_species_in_image"": [],
      ""landscape_elements"": [
        ""stream"",
        ""rocky terrain"",
        ""stone stairs"",
        ""trees""
      ],
      ""human_activities_in_image"": [
        ""walking"",
        ""standing""
      ],
      ""plants_detected"": [],
      ""animals_detected"": [],
      ""human_activities_detected"": [
        {
          ""activity"": ""walking"",
          ""count_estimate"": ""multiple"",
          ""confidence"": 0.95
        }
      ]
    }
  ]
}",True,
90,1天津市蓟州区盘山_1354033_2.jpg,Waterfall scene with people,Salix babylonica,waterfall; rocky cliff; trees; paved path,walking; viewing waterfall,Salix babylonica,[],viewing waterfall,"[{""scientific_name"": ""Salix babylonica"", ""count_estimate"": ""1"", ""confidence"": 0.85}]",[],"[{""activity"": ""viewing waterfall"", ""count_estimate"": ""4"", ""confidence"": 0.92}]","{
  ""image_analysis_per_image"": [
    {
      ""image_summary"": ""Waterfall scene with people"",
      ""visible_species_in_image"": [
        ""Salix babylonica""
      ],
      ""landscape_elements"": [
        ""waterfall"",
        ""rocky cliff"",
        ""trees"",
        ""paved path""
      ],
      ""human_activities_in_image"": [
        ""walking"",
        ""viewing waterfall""
      ],
      ""plants_detected"": [
        {
          ""scientific_name"": ""Salix babylonica"",
          ""count_estimate"": ""1"",
          ""confidence"": 0.85
        }
      ],
      ""animals_detected"": [],
      ""human_activities_detected"": [
        {
          ""activity"": ""viewing waterfall"",
          ""count_estimate"": ""4"",
          ""confidence"": 0.92
        }
      ]
    }
  ]
}",True,
91,1天津市蓟州区盘山_1354033_3.jpg,Forest stream scene,Pinus massoniana,stream; rocks; forest; trees,sitting; resting; observing nature,Pinus massoniana,[],sitting; resting,"[{""scientific_name"": ""Pinus massoniana"", ""count_estimate"": ""multiple"", ""confidence"": 0.85}]",[],"[{""activity"": ""sitting"", ""count_estimate"": ""4"", ""confidence"": 0.95}, {""activity"": ""resting"", ""count_estimate"": ""2"", ""confidence"": 0.9}]","{
  ""image_analysis_per_image"": [
    {
      ""image_summary"": ""Forest stream scene"",
      ""visible_species_in_image"": [
        ""Pinus massoniana""
      ],
      ""landscape_elements"": [
        ""stream"",
        ""rocks"",
        ""forest"",
        ""trees""
      ],
      ""human_activities_in_image"": [
        ""sitting"",
        ""resting"",
        ""observing nature""
      ],
      ""plants_detected"": [
        {
          ""scientific_name"": ""Pinus massoniana"",
          ""count_estimate"": ""multiple"",
          ""confidence"": 0.85
        }
      ],
      ""animals_detected"": [],
      ""human_activities_detected"": [
        {
          ""activity"": ""sitting"",
          ""count_estimate"": ""4"",
          ""confidence"": 0.95
        },
        {
          ""activity"": ""resting"",
          ""count_estimate"": ""2"",
          ""confidence"": 0.90
        }
      ]
    }
  ]
}",True,
92,1天津市蓟州区盘山_1354033_4.jpg,Forest stream scene,[],stream; rocks; bridge; forest; trees,walking; standing; viewing scenery,unknown,[],walking; standing,"[{""scientific_name"": ""unknown"", ""count_estimate"": ""multiple"", ""confidence"": 0.85}]",[],"[{""activity"": ""walking"", ""count_estimate"": ""5"", ""confidence"": 0.92}, {""activity"": ""standing"", ""count_estimate"": ""3"", ""confidence"": 0.88}]","{
  ""image_analysis_per_image"": [
    {
      ""image_summary"": ""Forest stream scene"",
      ""visible_species_in_image"": [],
      ""landscape_elements"": [
        ""stream"",
        ""rocks"",
        ""bridge"",
        ""forest"",
        ""trees""
      ],
      ""human_activities_in_image"": [
        ""walking"",
        ""standing"",
        ""viewing scenery""
      ],
      ""plants_detected"": [
        {
          ""scientific_name"": ""unknown"",
          ""count_estimate"": ""multiple"",
          ""confidence"": 0.85
        }
      ],
      ""animals_detected"": [],
      ""human_activities_detected"": [
        {
          ""activity"": ""walking"",
          ""count_estimate"": ""5"",
          ""confidence"": 0.92
        },
        {
          ""activity"": ""standing"",
          ""count_estimate"": ""3"",
          ""confidence"": 0.88
        }
      ]
    }
  ]
}",True,
93,1天津市蓟州区盘山_1354033_5.jpg,man at rock art,[],rock formation; trees,standing; posing for photo,[],[],standing,[],[],"[{""activity"": ""standing"", ""count_estimate"": ""1"", ""confidence"": 0.95}]","{
  ""image_analysis_per_image"": [
    {
      ""image_summary"": ""man at rock art"",
      ""visible_species_in_image"": [],
      ""landscape_elements"": [
        ""rock formation"",
        ""trees""
      ],
      ""human_activities_in_image"": [
        ""standing"",
        ""posing for photo""
      ],
      ""plants_detected"": [],
      ""animals_detected"": [],
      ""human_activities_detected"": [
        {
          ""activity"": ""standing"",
          ""count_estimate"": ""1"",
          ""confidence"": 0.95
        }
      ]
    }
  ]
}",True,
94,1天津市蓟州区盘山_1354033_6.jpg,tourists at flower display,[],paved plaza; mountains; traditional building; flower bed,walking; standing; viewing flowers; taking photos,unknown,[],walking; standing,"[{""scientific_name"": ""unknown"", ""count_estimate"": ""many"", ""confidence"": 0.5}]",[],"[{""activity"": ""walking"", ""count_estimate"": ""multiple"", ""confidence"": 1.0}, {""activity"": ""standing"", ""count_estimate"": ""multiple"", ""confidence"": 1.0}]","{
  ""image_analysis_per_image"": [
    {
      ""image_summary"": ""tourists at flower display"",
      ""visible_species_in_image"": [],
      ""landscape_elements"": [
        ""paved plaza"",
        ""mountains"",
        ""traditional building"",
        ""flower bed""
      ],
      ""human_activities_in_image"": [
        ""walking"",
        ""standing"",
        ""viewing flowers"",
        ""taking photos""
      ],
      ""plants_detected"": [
        {
          ""scientific_name"": ""unknown"",
          ""count_estimate"": ""many"",
          ""confidence"": 0.5
        }
      ],
      ""animals_detected"": [],
      ""human_activities_detected"": [
        {
          ""activity"": ""walking"",
          ""count_estimate"": ""multiple"",
          ""confidence"": 1.0
        },
        {
          ""activity"": ""standing"",
          ""count_estimate"": ""multiple"",
          ""confidence"": 1.0
        }
      ]
    }
  ]
}",True,
95,1天津市蓟州区盘山_1362392_1.jpg,Park view with trees,Pinus,trees; park; pathway; building; sky,walking; visiting,[],[],walking,[],[],"[{""activity"": ""walking"", ""count_estimate"": ""multiple"", ""confidence"": 0.95}]","{
  ""image_analysis_per_image"": [
    {
      ""image_summary"": ""Park view with trees"",
      ""visible_species_in_image"": [
        ""Pinus""
      ],
      ""landscape_elements"": [
        ""trees"",
        ""park"",
        ""pathway"",
        ""building"",
        ""sky""
      ],
      ""human_activities_in_image"": [
        ""walking"",
        ""visiting""
      ],
      ""plants_detected"": [],
      ""animals_detected"": [],
      ""human_activities_detected"": [
        {
          ""activity"": ""walking"",
          ""count_estimate"": ""multiple"",
          ""confidence"": 0.95
        }
      ]
    }
  ]
}",True,
96,1天津市蓟州区盘山_1362392_2.jpg,Tourists at stone wall,[],stone wall; railing; sky,standing; walking; taking photos,[],[],standing; walking,[],[],"[{""activity"": ""standing"", ""count_estimate"": ""multiple"", ""confidence"": 0.95}, {""activity"": ""walking"", ""count_estimate"": ""multiple"", ""confidence"": 0.95}]","{
  ""image_analysis_per_image"": [
    {
      ""image_summary"": ""Tourists at stone wall"",
      ""visible_species_in_image"": [],
      ""landscape_elements"": [
        ""stone wall"",
        ""railing"",
        ""sky""
      ],
      ""human_activities_in_image"": [
        ""standing"",
        ""walking"",
        ""taking photos""
      ],
      ""plants_detected"": [],
      ""animals_detected"": [],
      ""human_activities_detected"": [
        {
          ""activity"": ""standing"",
          ""count_estimate"": ""multiple"",
          ""confidence"": 0.95
        },
        {
          ""activity"": ""walking"",
          ""count_estimate"": ""multiple"",
          ""confidence"": 0.95
        }
      ]
    }
  ]
}",True,
97,1天津市蓟州区盘山_1362392_3.jpg,crowded tourist gate,[],paved path; steps; mountains; sky,walking; visiting,[],[],walking,[],[],"[{""activity"": ""walking"", ""count_estimate"": ""multiple"", ""confidence"": 0.95}]","{
  ""image_analysis_per_image"": [
    {
      ""image_summary"": ""crowded tourist gate"",
      ""visible_species_in_image"": [],
      ""landscape_elements"": [
        ""paved path"",
        ""steps"",
        ""mountains"",
        ""sky""
      ],
      ""human_activities_in_image"": [
        ""walking"",
        ""visiting""
      ],
      ""plants_detected"": [],
      ""animals_detected"": [],
      ""human_activities_detected"": [
        {
          ""activity"": ""walking"",
          ""count_estimate"": ""multiple"",
          ""confidence"": 0.95
        }
      ]
    }
  ]
}",True,
98,1天津市蓟州区盘山_1362392_4.jpg,crowded mountain path,[],mountains; pathway; trees,walking; touring,[],[],walking,[],[],"[{""activity"": ""walking"", ""count_estimate"": ""many"", ""confidence"": 0.95}]","{
  ""image_analysis_per_image"": [
    {
      ""image_summary"": ""crowded mountain path"",
      ""visible_species_in_image"": [],
      ""landscape_elements"": [
        ""mountains"",
        ""pathway"",
        ""trees""
      ],
      ""human_activities_in_image"": [
        ""walking"",
        ""touring""
      ],
      ""plants_detected"": [],
      ""animals_detected"": [],
      ""human_activities_detected"": [
        {
          ""activity"": ""walking"",
          ""count_estimate"": ""many"",
          ""confidence"": 0.95
        }
      ]
    }
  ]
}",True,
99,1天津市蓟州区盘山_1362392_5.jpg,crowded tourist site,[],mountains; paved plaza; flower beds; parking area,walking; taking photos; standing,unknown,[],tourism,"[{""scientific_name"": ""unknown"", ""count_estimate"": ""multiple"", ""confidence"": 0.65}]",[],"[{""activity"": ""tourism"", ""count_estimate"": ""many"", ""confidence"": 0.95}]","{
  ""image_analysis_per_image"": [
    {
      ""image_summary"": ""crowded tourist site"",
      ""visible_species_in_image"": [],
      ""landscape_elements"": [
        ""mountains"",
        ""paved plaza"",
        ""flower beds"",
        ""parking area""
      ],
      ""human_activities_in_image"": [
        ""walking"",
        ""taking photos"",
        ""standing""
      ],
      ""plants_detected"": [
        {
          ""scientific_name"": ""unknown"",
          ""count_estimate"": ""multiple"",
          ""confidence"": 0.65
        }
      ],
      ""animals_detected"": [],
      ""human_activities_detected"": [
        {
          ""activity"": ""tourism"",
          ""count_estimate"": ""many"",
          ""confidence"": 0.95
        }
      ]
    }
  ]
}",True,
100,1天津市蓟州区盘山_1374827_1.jpg,Temple plaza with crowd,[],mountains; sky; staircase; paved plaza; flower beds,walking; standing; visiting,unknown,[],walking,"[{""scientific_name"": ""unknown"", ""count_estimate"": ""many"", ""confidence"": 0.65}]",[],"[{""activity"": ""walking"", ""count_estimate"": ""multiple"", ""confidence"": 0.98}]","{
  ""image_analysis_per_image"": [
    {
      ""image_summary"": ""Temple plaza with crowd"",
      ""visible_species_in_image"": [],
      ""landscape_elements"": [
        ""mountains"",
        ""sky"",
        ""staircase"",
        ""paved plaza"",
        ""flower beds""
      ],
      ""human_activities_in_image"": [
        ""walking"",
        ""standing"",
        ""visiting""
      ],
      ""plants_detected"": [
        {
          ""scientific_name"": ""unknown"",
          ""count_estimate"": ""many"",
          ""confidence"": 0.65
        }
      ],
      ""animals_detected"": [],
      ""human_activities_detected"": [
        {
          ""activity"": ""walking"",
          ""count_estimate"": ""multiple"",
          ""confidence"": 0.98
        }
      ]
    }
  ]
}",True,
101,1天津市蓟州区盘山_1374827_2.jpg,hiker on rocky path,[],rocky steps; forest; trees; dirt trail,walking; holding bag,[],[],walking,[],[],"[{""activity"": ""walking"", ""count_estimate"": ""1"", ""confidence"": 0.95}]","{
  ""image_analysis_per_image"": [
    {
      ""image_summary"": ""hiker on rocky path"",
      ""visible_species_in_image"": [],
      ""landscape_elements"": [
        ""rocky steps"",
        ""forest"",
        ""trees"",
        ""dirt trail""
      ],
      ""human_activities_in_image"": [
        ""walking"",
        ""holding bag""
      ],
      ""plants_detected"": [],
      ""animals_detected"": [],
      ""human_activities_detected"": [
        {
          ""activity"": ""walking"",
          ""count_estimate"": ""1"",
          ""confidence"": 0.95
        }
      ]
    }
  ]
}",True,
102,1天津市蓟州区盘山_1374827_3.jpg,scenic map display,[],mountains; signboard,[],[],[],[],[],[],[],"{
  ""image_analysis_per_image"": [
    {
      ""image_summary"": ""scenic map display"",
      ""visible_species_in_image"": [],
      ""landscape_elements"": [
        ""mountains"",
        ""signboard""
      ],
      ""human_activities_in_image"": [],
      ""plants_detected"": [],
      ""animals_detected"": [],
      ""human_activities_detected"": []
    }
  ]
}",True,
103,1天津市蓟州区盘山_1381718_1.jpg,ancient town riverside,[],river; mountains; traditional buildings; trees,walking,[],[],walking,[],[],"[{""activity"": ""walking"", ""count_estimate"": ""multiple"", ""confidence"": 0.75}]","{
  ""image_analysis_per_image"": [
    {
      ""image_summary"": ""ancient town riverside"",
      ""visible_species_in_image"": [],
      ""landscape_elements"": [
        ""river"",
        ""mountains"",
        ""traditional buildings"",
        ""trees""
      ],
      ""human_activities_in_image"": [
        ""walking""
      ],
      ""plants_detected"": [],
      ""animals_detected"": [],
      ""human_activities_detected"": [
        {
          ""activity"": ""walking"",
          ""count_estimate"": ""multiple"",
          ""confidence"": 0.75
        }
      ]
    }
  ]
}",True,
104,1天津市蓟州区盘山_1381718_2.jpg,ancient stone tower,[],sky; trees; stone structure,[],unknown,[],[],"[{""scientific_name"": ""unknown"", ""count_estimate"": ""multiple"", ""confidence"": 0.75}]",[],[],"{
  ""image_analysis_per_image"": [
    {
      ""image_summary"": ""ancient stone tower"",
      ""visible_species_in_image"": [],
      ""landscape_elements"": [
        ""sky"",
        ""trees"",
        ""stone structure""
      ],
      ""human_activities_in_image"": [],
      ""plants_detected"": [
        {
          ""scientific_name"": ""unknown"",
          ""count_estimate"": ""multiple"",
          ""confidence"": 0.75
        }
      ],
      ""animals_detected"": [],
      ""human_activities_detected"": []
    }
  ]
}",True,
105,1天津市蓟州区盘山_1381718_3.jpg,Pine tree and lake,Pinus tabuliformis,hill; lake; paved path; rock formation; sky,standing; sitting on boat,Pinus tabuliformis,[],standing; sitting,"[{""scientific_name"": ""Pinus tabuliformis"", ""count_estimate"": ""1"", ""confidence"": 0.85}]",[],"[{""activity"": ""standing"", ""count_estimate"": ""2"", ""confidence"": 0.95}, {""activity"": ""sitting"", ""count_estimate"": ""multiple"", ""confidence"": 0.9}]","{
  ""image_analysis_per_image"": [
    {
      ""image_summary"": ""Pine tree and lake"",
      ""visible_species_in_image"": [
        ""Pinus tabuliformis""
      ],
      ""landscape_elements"": [
        ""hill"",
        ""lake"",
        ""paved path"",
        ""rock formation"",
        ""sky""
      ],
      ""human_activities_in_image"": [
        ""standing"",
        ""sitting on boat""
      ],
      ""plants_detected"": [
        {
          ""scientific_name"": ""Pinus tabuliformis"",
          ""count_estimate"": ""1"",
          ""confidence"": 0.85
        }
      ],
      ""animals_detected"": [],
      ""human_activities_detected"": [
        {
          ""activity"": ""standing"",
          ""count_estimate"": ""2"",
          ""confidence"": 0.95
        },
        {
          ""activity"": ""sitting"",
          ""count_estimate"": ""multiple"",
          ""confidence"": 0.90
        }
      ]
    }
  ]
}",True,
106,1天津市蓟州区盘山_1381718_4.jpg,traditional water town,[],river; stone bridge; ancient buildings; tree branches; sky,tourists walking; boat tour,Prunus mume,[],walking along riverbank; boat ride,"[{""scientific_name"": ""Prunus mume"", ""count_estimate"": ""many"", ""confidence"": 0.75}]",[],"[{""activity"": ""walking along riverbank"", ""count_estimate"": ""multiple"", ""confidence"": 0.85}, {""activity"": ""boat ride"", ""count_estimate"": ""1"", ""confidence"": 0.92}]","{
  ""image_analysis_per_image"": [
    {
      ""image_summary"": ""traditional water town"",
      ""visible_species_in_image"": [],
      ""landscape_elements"": [
        ""river"",
        ""stone bridge"",
        ""ancient buildings"",
        ""tree branches"",
        ""sky""
      ],
      ""human_activities_in_image"": [
        ""tourists walking"",
        ""boat tour""
      ],
      ""plants_detected"": [
        {
          ""scientific_name"": ""Prunus mume"",
          ""count_estimate"": ""many"",
          ""confidence"": 0.75
        }
      ],
      ""animals_detected"": [],
      ""human_activities_detected"": [
        {
          ""activity"": ""walking along riverbank"",
          ""count_estimate"": ""multiple"",
          ""confidence"": 0.85
        },
        {
          ""activity"": ""boat ride"",
          ""count_estimate"": ""1"",
          ""confidence"": 0.92
        }
      ]
    }
  ]
}",True,
107,1天津市蓟州区盘山_1381718_5.jpg,Canal tour scene,[],canal; stone buildings; trees; sky; mountains,sitting; boating; walking,unknown shrub,[],sitting; boating; walking,"[{""scientific_name"": ""unknown shrub"", ""count_estimate"": ""1"", ""confidence"": 0.45}]",[],"[{""activity"": ""sitting"", ""count_estimate"": ""2"", ""confidence"": 0.95}, {""activity"": ""boating"", ""count_estimate"": ""2"", ""confidence"": 0.98}, {""activity"": ""walking"", ""count_estimate"": ""3"", ""confidence"": 0.85}]","{
  ""image_analysis_per_image"": [
    {
      ""image_summary"": ""Canal tour scene"",
      ""visible_species_in_image"": [],
      ""landscape_elements"": [
        ""canal"",
        ""stone buildings"",
        ""trees"",
        ""sky"",
        ""mountains""
      ],
      ""human_activities_in_image"": [
        ""sitting"",
        ""boating"",
        ""walking""
      ],
      ""plants_detected"": [
        {
          ""scientific_name"": ""unknown shrub"",
          ""count_estimate"": ""1"",
          ""confidence"": 0.45
        }
      ],
      ""animals_detected"": [],
      ""human_activities_detected"": [
        {
          ""activity"": ""sitting"",
          ""count_estimate"": ""2"",
          ""confidence"": 0.95
        },
        {
          ""activity"": ""boating"",
          ""count_estimate"": ""2"",
          ""confidence"": 0.98
        },
        {
          ""activity"": ""walking"",
          ""count_estimate"": ""3"",
          ""confidence"": 0.85
        }
      ]
    }
  ]
}",True,
108,1天津市蓟州区盘山_1381718_6.jpg,traditional canal house,Salix,canal; brick building; willow trees; sky,sitting,Salix,[],sitting,"[{""scientific_name"": ""Salix"", ""count_estimate"": ""multiple"", ""confidence"": 0.85}]",[],"[{""activity"": ""sitting"", ""count_estimate"": ""2"", ""confidence"": 0.7}]","{
  ""image_analysis_per_image"": [
    {
      ""image_summary"": ""traditional canal house"",
      ""visible_species_in_image"": [
        ""Salix""
      ],
      ""landscape_elements"": [
        ""canal"",
        ""brick building"",
        ""willow trees"",
        ""sky""
      ],
      ""human_activities_in_image"": [
        ""sitting""
      ],
      ""plants_detected"": [
        {
          ""scientific_name"": ""Salix"",
          ""count_estimate"": ""multiple"",
          ""confidence"": 0.85
        }
      ],
      ""animals_detected"": [],
      ""human_activities_detected"": [
        {
          ""activity"": ""sitting"",
          ""count_estimate"": ""2"",
          ""confidence"": 0.7
        }
      ]
    }
  ]
}",True,
109,1天津市蓟州区盘山_1381718_7.jpg,historic water town,[],river; stone bridge; traditional buildings; hills; trees,boat ride,unknown,[],boating,"[{""scientific_name"": ""unknown"", ""count_estimate"": ""multiple"", ""confidence"": 0.45}]",[],"[{""activity"": ""boating"", ""count_estimate"": ""1"", ""confidence"": 0.85}]","{
  ""image_analysis_per_image"": [
    {
      ""image_summary"": ""historic water town"",
      ""visible_species_in_image"": [],
      ""landscape_elements"": [
        ""river"",
        ""stone bridge"",
        ""traditional buildings"",
        ""hills"",
        ""trees""
      ],
      ""human_activities_in_image"": [
        ""boat ride""
      ],
      ""plants_detected"": [
        {
          ""scientific_name"": ""unknown"",
          ""count_estimate"": ""multiple"",
          ""confidence"": 0.45
        }
      ],
      ""animals_detected"": [],
      ""human_activities_detected"": [
        {
          ""activity"": ""boating"",
          ""count_estimate"": ""1"",
          ""confidence"": 0.85
        }
      ]
    }
  ]
}",True,
110,1天津市蓟州区盘山_1381718_8.jpg,Stone building wall,[],stone wall; brick wall,walking,[],[],walking,[],[],"[{""activity"": ""walking"", ""count_estimate"": ""1"", ""confidence"": 0.95}]","{
  ""image_analysis_per_image"": [
    {
      ""image_summary"": ""Stone building wall"",
      ""visible_species_in_image"": [],
      ""landscape_elements"": [
        ""stone wall"",
        ""brick wall""
      ],
      ""human_activities_in_image"": [
        ""walking""
      ],
      ""plants_detected"": [],
      ""animals_detected"": [],
      ""human_activities_detected"": [
        {
          ""activity"": ""walking"",
          ""count_estimate"": ""1"",
          ""confidence"": 0.95
        }
      ]
    }
  ]
}",True,
111,1天津市蓟州区盘山_1381718_9.jpg,canal scene with boats,[],canal; trees; buildings; sky,walking; sailing boat,unknown,[],walking; sailing boat,"[{""scientific_name"": ""unknown"", ""count_estimate"": ""multiple"", ""confidence"": 0.75}]",[],"[{""activity"": ""walking"", ""count_estimate"": ""multiple"", ""confidence"": 0.98}, {""activity"": ""sailing boat"", ""count_estimate"": ""1"", ""confidence"": 0.92}]","{
  ""image_analysis_per_image"": [
    {
      ""image_summary"": ""canal scene with boats"",
      ""visible_species_in_image"": [],
      ""landscape_elements"": [
        ""canal"",
        ""trees"",
        ""buildings"",
        ""sky""
      ],
      ""human_activities_in_image"": [
        ""walking"",
        ""sailing boat""
      ],
      ""plants_detected"": [
        {
          ""scientific_name"": ""unknown"",
          ""count_estimate"": ""multiple"",
          ""confidence"": 0.75
        }
      ],
      ""animals_detected"": [],
      ""human_activities_detected"": [
        {
          ""activity"": ""walking"",
          ""count_estimate"": ""multiple"",
          ""confidence"": 0.98
        },
        {
          ""activity"": ""sailing boat"",
          ""count_estimate"": ""1"",
          ""confidence"": 0.92
        }
      ]
    }
  ]
}",True,
112,1天津市蓟州区盘山_1381996_1.jpg,stone pagoda on mountain,Pinus tabulaeformis,tower; mountain; sky; paved path,visiting; sitting; standing,Pinus tabulaeformis,[],visiting; sitting; standing,"[{""scientific_name"": ""Pinus tabulaeformis"", ""count_estimate"": ""2"", ""confidence"": 0.85}]",[],"[{""activity"": ""visiting"", ""count_estimate"": ""multiple"", ""confidence"": 0.95}, {""activity"": ""sitting"", ""count_estimate"": ""2"", ""confidence"": 0.9}, {""activity"": ""standing"", ""count_estimate"": ""multiple"", ""confidence"": 0.95}]","{
  ""image_analysis_per_image"": [
    {
      ""image_summary"": ""stone pagoda on mountain"",
      ""visible_species_in_image"": [
        ""Pinus tabulaeformis""
      ],
      ""landscape_elements"": [
        ""tower"",
        ""mountain"",
        ""sky"",
        ""paved path""
      ],
      ""human_activities_in_image"": [
        ""visiting"",
        ""sitting"",
        ""standing""
      ],
      ""plants_detected"": [
        {
          ""scientific_name"": ""Pinus tabulaeformis"",
          ""count_estimate"": ""2"",
          ""confidence"": 0.85
        }
      ],
      ""animals_detected"": [],
      ""human_activities_detected"": [
        {
          ""activity"": ""visiting"",
          ""count_estimate"": ""multiple"",
          ""confidence"": 0.95
        },
        {
          ""activity"": ""sitting"",
          ""count_estimate"": ""2"",
          ""confidence"": 0.90
        },
        {
          ""activity"": ""standing"",
          ""count_estimate"": ""multiple"",
          ""confidence"": 0.95
        }
      ]
    }
  ]
}",True,
113,1天津市蓟州区盘山_1381996_3.jpg,small waterfall,[],waterfall; stream; rocks; forest,[],unknown,[],[],"[{""scientific_name"": ""unknown"", ""count_estimate"": ""multiple"", ""confidence"": 0.75}]",[],[],"{
  ""image_analysis_per_image"": [
    {
      ""image_summary"": ""small waterfall"",
      ""visible_species_in_image"": [],
      ""landscape_elements"": [
        ""waterfall"",
        ""stream"",
        ""rocks"",
        ""forest""
      ],
      ""human_activities_in_image"": [],
      ""plants_detected"": [
        {
          ""scientific_name"": ""unknown"",
          ""count_estimate"": ""multiple"",
          ""confidence"": 0.75
        }
      ],
      ""animals_detected"": [],
      ""human_activities_detected"": []
    }
  ]
}",True,
114,1天津市蓟州区盘山_1381996_4.jpg,Waterfall scene,[],waterfall; rocky cliff; forest; stream,[],[],[],[],[],[],[],"{
  ""image_analysis_per_image"": [
    {
      ""image_summary"": ""Waterfall scene"",
      ""visible_species_in_image"": [],
      ""landscape_elements"": [
        ""waterfall"",
        ""rocky cliff"",
        ""forest"",
        ""stream""
      ],
      ""human_activities_in_image"": [],
      ""plants_detected"": [],
      ""animals_detected"": [],
      ""human_activities_detected"": []
    }
  ]
}",True,
115,1天津市蓟州区盘山_1381996_5.jpg,red vine wall,Parthenocissus tricuspidata,brick wall; sky,[],Parthenocissus tricuspidata,[],[],"[{""scientific_name"": ""Parthenocissus tricuspidata"", ""count_estimate"": ""many"", ""confidence"": 0.85}]",[],[],"{
  ""image_analysis_per_image"": [
    {
      ""image_summary"": ""red vine wall"",
      ""visible_species_in_image"": [
        ""Parthenocissus tricuspidata""
      ],
      ""landscape_elements"": [
        ""brick wall"",
        ""sky""
      ],
      ""human_activities_in_image"": [],
      ""plants_detected"": [
        {
          ""scientific_name"": ""Parthenocissus tricuspidata"",
          ""count_estimate"": ""many"",
          ""confidence"": 0.85
        }
      ],
      ""animals_detected"": [],
      ""human_activities_detected"": []
    }
  ]
}",True,
116,1天津市蓟州区盘山_1381996_6.jpg,pagoda and trees,[],trees; sky,visiting pagoda,[],[],viewing scenery,[],[],"[{""activity"": ""viewing scenery"", ""count_estimate"": ""1"", ""confidence"": 0.85}]","{
  ""image_analysis_per_image"": [
    {
      ""image_summary"": ""pagoda and trees"",
      ""visible_species_in_image"": [],
      ""landscape_elements"": [
        ""trees"",
        ""sky""
      ],
      ""human_activities_in_image"": [
        ""visiting pagoda""
      ],
      ""plants_detected"": [],
      ""animals_detected"": [],
      ""human_activities_detected"": [
        {
          ""activity"": ""viewing scenery"",
          ""count_estimate"": ""1"",
          ""confidence"": 0.85
        }
      ]
    }
  ]
}",True,
117,1天津市蓟州区盘山_1383900_1.jpg,vined brick wall,Parthenocissus tricuspidata,brick wall; stone steps; sky; trees,[],Parthenocissus tricuspidata,[],[],"[{""scientific_name"": ""Parthenocissus tricuspidata"", ""count_estimate"": ""multiple"", ""confidence"": 0.92}]",[],[],"{
  ""image_analysis_per_image"": [
    {
      ""image_summary"": ""vined brick wall"",
      ""visible_species_in_image"": [
        ""Parthenocissus tricuspidata""
      ],
      ""landscape_elements"": [
        ""brick wall"",
        ""stone steps"",
        ""sky"",
        ""trees""
      ],
      ""human_activities_in_image"": [],
      ""plants_detected"": [
        {
          ""scientific_name"": ""Parthenocissus tricuspidata"",
          ""count_estimate"": ""multiple"",
          ""confidence"": 0.92
        }
      ],
      ""animals_detected"": [],
      ""human_activities_detected"": []
    }
  ]
}",True,
118,1天津市蓟州区盘山_1383900_2.jpg,Rocky stream garden,[],rocks; stream; trees; sky,walking,[],[],walking,[],[],"[{""activity"": ""walking"", ""count_estimate"": ""multiple"", ""confidence"": 0.85}]","{
  ""image_analysis_per_image"": [
    {
      ""image_summary"": ""Rocky stream garden"",
      ""visible_species_in_image"": [],
      ""landscape_elements"": [
        ""rocks"",
        ""stream"",
        ""trees"",
        ""sky""
      ],
      ""human_activities_in_image"": [
        ""walking""
      ],
      ""plants_detected"": [],
      ""animals_detected"": [],
      ""human_activities_detected"": [
        {
          ""activity"": ""walking"",
          ""count_estimate"": ""multiple"",
          ""confidence"": 0.85
        }
      ]
    }
  ]
}",True,
119,1天津市蓟州区盘山_1383900_3.jpg,Lush green garden with water feature,[],trees; waterfall; rocks; stream,[],[],[],[],[],[],[],"{
  ""image_analysis_per_image"": [
    {
      ""image_summary"": ""Lush green garden with water feature"",
      ""visible_species_in_image"": [],
      ""landscape_elements"": [
        ""trees"",
        ""waterfall"",
        ""rocks"",
        ""stream""
      ],
      ""human_activities_in_image"": [],
      ""plants_detected"": [],
      ""animals_detected"": [],
      ""human_activities_detected"": []
    }
  ]
}",True,
120,1天津市蓟州区盘山_1383900_4.jpg,Park scene with stream,[],stone path; rocky hillside; stream; trees; waterfall,walking; drinking water; standing,[],[],walking; drinking water,[],[],"[{""activity"": ""walking"", ""count_estimate"": ""multiple"", ""confidence"": 0.95}, {""activity"": ""drinking water"", ""count_estimate"": ""1"", ""confidence"": 0.98}]","{
  ""image_analysis_per_image"": [
    {
      ""image_summary"": ""Park scene with stream"",
      ""visible_species_in_image"": [],
      ""landscape_elements"": [
        ""stone path"",
        ""rocky hillside"",
        ""stream"",
        ""trees"",
        ""waterfall""
      ],
      ""human_activities_in_image"": [
        ""walking"",
        ""drinking water"",
        ""standing""
      ],
      ""plants_detected"": [],
      ""animals_detected"": [],
      ""human_activities_detected"": [
        {
          ""activity"": ""walking"",
          ""count_estimate"": ""multiple"",
          ""confidence"": 0.95
        },
        {
          ""activity"": ""drinking water"",
          ""count_estimate"": ""1"",
          ""confidence"": 0.98
        }
      ]
    }
  ]
}",True,
121,1天津市蓟州区盘山_1389005_1.jpg,sunny mountain view,Quercus,mountains; sky; trees; valley,[],unknown,[],[],"[{""scientific_name"": ""unknown"", ""count_estimate"": ""multiple"", ""confidence"": 0.85}]",[],[],"{
  ""image_analysis_per_image"": [
    {
      ""image_summary"": ""sunny mountain view"",
      ""visible_species_in_image"": [
        ""Quercus""
      ],
      ""landscape_elements"": [
        ""mountains"",
        ""sky"",
        ""trees"",
        ""valley""
      ],
      ""human_activities_in_image"": [],
      ""plants_detected"": [
        {
          ""scientific_name"": ""unknown"",
          ""count_estimate"": ""multiple"",
          ""confidence"": 0.85
        }
      ],
      ""animals_detected"": [],
      ""human_activities_detected"": []
    }
  ]
}",True,
122,1天津市蓟州区盘山_1389005_2.jpg,Mountain peak with tower,Pinus tabuliformis,mountain; rocky terrain; tower; sky,[],Pinus tabuliformis,[],[],"[{""scientific_name"": ""Pinus tabuliformis"", ""count_estimate"": ""multiple"", ""confidence"": 0.85}]",[],[],"{
  ""image_analysis_per_image"": [
    {
      ""image_summary"": ""Mountain peak with tower"",
      ""visible_species_in_image"": [
        ""Pinus tabuliformis""
      ],
      ""landscape_elements"": [
        ""mountain"",
        ""rocky terrain"",
        ""tower"",
        ""sky""
      ],
      ""human_activities_in_image"": [],
      ""plants_detected"": [
        {
          ""scientific_name"": ""Pinus tabuliformis"",
          ""count_estimate"": ""multiple"",
          ""confidence"": 0.85
        }
      ],
      ""animals_detected"": [],
      ""human_activities_detected"": []
    }
  ]
}",True,
123,1天津市蓟州区盘山_1389005_3.jpg,ornate temple gate,Pinus,temple; sky; trees,[],Pinus sp.,[],[],"[{""scientific_name"": ""Pinus sp."", ""count_estimate"": ""multiple"", ""confidence"": 0.85}]",[],[],"{
  ""image_analysis_per_image"": [
    {
      ""image_summary"": ""ornate temple gate"",
      ""visible_species_in_image"": [
        ""Pinus""
      ],
      ""landscape_elements"": [
        ""temple"",
        ""sky"",
        ""trees""
      ],
      ""human_activities_in_image"": [],
      ""plants_detected"": [
        {
          ""scientific_name"": ""Pinus sp."",
          ""count_estimate"": ""multiple"",
          ""confidence"": 0.85
        }
      ],
      ""animals_detected"": [],
      ""human_activities_detected"": []
    }
  ]
}",True,
124,1天津市蓟州区盘山_1389005_4.jpg,Mountain temple peak,Pinus tabulaeformis,mountain; rocky cliff; temple structure; blue sky,climbing path visible,Pinus tabulaeformis,[],hiking or climbing,"[{""scientific_name"": ""Pinus tabulaeformis"", ""count_estimate"": ""multiple"", ""confidence"": 0.85}]",[],"[{""activity"": ""hiking or climbing"", ""count_estimate"": ""1"", ""confidence"": 0.6}]","{
  ""image_analysis_per_image"": [
    {
      ""image_summary"": ""Mountain temple peak"",
      ""visible_species_in_image"": [
        ""Pinus tabulaeformis""
      ],
      ""landscape_elements"": [
        ""mountain"",
        ""rocky cliff"",
        ""temple structure"",
        ""blue sky""
      ],
      ""human_activities_in_image"": [
        ""climbing path visible""
      ],
      ""plants_detected"": [
        {
          ""scientific_name"": ""Pinus tabulaeformis"",
          ""count_estimate"": ""multiple"",
          ""confidence"": 0.85
        }
      ],
      ""animals_detected"": [],
      ""human_activities_detected"": [
        {
          ""activity"": ""hiking or climbing"",
          ""count_estimate"": ""1"",
          ""confidence"": 0.6
        }
      ]
    }
  ]
}",True,
125,1天津市蓟州区盘山_1389005_5.jpg,tower and trees,Pinus,stone tower; red wall; sky; trees; stairs,walking; climbing stairs; visiting,Pinus,[],walking,"[{""scientific_name"": ""Pinus"", ""count_estimate"": ""multiple"", ""confidence"": 0.85}]",[],"[{""activity"": ""walking"", ""count_estimate"": ""3"", ""confidence"": 0.92}]","{
  ""image_analysis_per_image"": [
    {
      ""image_summary"": ""tower and trees"",
      ""visible_species_in_image"": [
        ""Pinus""
      ],
      ""landscape_elements"": [
        ""stone tower"",
        ""red wall"",
        ""sky"",
        ""trees"",
        ""stairs""
      ],
      ""human_activities_in_image"": [
        ""walking"",
        ""climbing stairs"",
        ""visiting""
      ],
      ""plants_detected"": [
        {
          ""scientific_name"": ""Pinus"",
          ""count_estimate"": ""multiple"",
          ""confidence"": 0.85
        }
      ],
      ""animals_detected"": [],
      ""human_activities_detected"": [
        {
          ""activity"": ""walking"",
          ""count_estimate"": ""3"",
          ""confidence"": 0.92
        }
      ]
    }
  ]
}",True,
126,1天津市蓟州区盘山_1389005_6.jpg,Trail sign on stone wall,[],stone wall; painted wall,[],unknown,[],[],"[{""scientific_name"": ""unknown"", ""count_estimate"": ""multiple"", ""confidence"": 0.85}]",[],[],"{
  ""image_analysis_per_image"": [
    {
      ""image_summary"": ""Trail sign on stone wall"",
      ""visible_species_in_image"": [],
      ""landscape_elements"": [
        ""stone wall"",
        ""painted wall""
      ],
      ""human_activities_in_image"": [],
      ""plants_detected"": [
        {
          ""scientific_name"": ""unknown"",
          ""count_estimate"": ""multiple"",
          ""confidence"": 0.85
        }
      ],
      ""animals_detected"": [],
      ""human_activities_detected"": []
    }
  ]
}",True,
127,1天津市蓟州区盘山_1389018_1.jpg,foggy mountain view,[],mountain; forest; cableway,[],[],[],[],[],[],[],"{
  ""image_analysis_per_image"": [
    {
      ""image_summary"": ""foggy mountain view"",
      ""visible_species_in_image"": [],
      ""landscape_elements"": [
        ""mountain"",
        ""forest"",
        ""cableway""
      ],
      ""human_activities_in_image"": [],
      ""plants_detected"": [],
      ""animals_detected"": [],
      ""human_activities_detected"": []
    }
  ]
}",True,
128,1天津市蓟州区盘山_1389018_2.jpg,cable car over forest,[],forest; mountains; cable car; cables,[],[],[],[],[],[],[],"{
  ""image_analysis_per_image"": [
    {
      ""image_summary"": ""cable car over forest"",
      ""visible_species_in_image"": [],
      ""landscape_elements"": [
        ""forest"",
        ""mountains"",
        ""cable car"",
        ""cables""
      ],
      ""human_activities_in_image"": [],
      ""plants_detected"": [],
      ""animals_detected"": [],
      ""human_activities_detected"": []
    }
  ]
}",True,
129,1天津市蓟州区盘山_1389018_3.jpg,misty mountain landscape,[],forest; mountain; tower; sky,tourism; observation,[],[],[],[],[],[],"{
  ""image_analysis_per_image"": [
    {
      ""image_summary"": ""misty mountain landscape"",
      ""visible_species_in_image"": [],
      ""landscape_elements"": [
        ""forest"",
        ""mountain"",
        ""tower"",
        ""sky""
      ],
      ""human_activities_in_image"": [
        ""tourism"",
        ""observation""
      ],
      ""plants_detected"": [],
      ""animals_detected"": [],
      ""human_activities_detected"": []
    }
  ]
}",True,
130,1天津市蓟州区盘山_1389018_4.jpg,stone steps and wall,Bambusa multiplex,stone steps; stone wall; sky; trees,[],Bambusa multiplex,[],[],"[{""scientific_name"": ""Bambusa multiplex"", ""count_estimate"": ""multiple"", ""confidence"": 0.85}]",[],[],"{
  ""image_analysis_per_image"": [
    {
      ""image_summary"": ""stone steps and wall"",
      ""visible_species_in_image"": [
        ""Bambusa multiplex""
      ],
      ""landscape_elements"": [
        ""stone steps"",
        ""stone wall"",
        ""sky"",
        ""trees""
      ],
      ""human_activities_in_image"": [],
      ""plants_detected"": [
        {
          ""scientific_name"": ""Bambusa multiplex"",
          ""count_estimate"": ""multiple"",
          ""confidence"": 0.85
        }
      ],
      ""animals_detected"": [],
      ""human_activities_detected"": []
    }
  ]
}",True,
131,1天津市蓟州区盘山_1389018_5.jpg,ancient tower in woods,[],tower; trees; rocks; sky,[],[],[],[],[],[],[],"{
  ""image_analysis_per_image"": [
    {
      ""image_summary"": ""ancient tower in woods"",
      ""visible_species_in_image"": [],
      ""landscape_elements"": [
        ""tower"",
        ""trees"",
        ""rocks"",
        ""sky""
      ],
      ""human_activities_in_image"": []
    }
  ]
}",True,
132,1天津市蓟州区盘山_1389018_6.jpg,succulent garden,Kalanchoe thyrsiflora,stone planter; roof tiles; dirt path; trees,[],Kalanchoe thyrsiflora,[],[],"[{""scientific_name"": ""Kalanchoe thyrsiflora"", ""count_estimate"": ""multiple"", ""confidence"": 0.85}]",[],[],"{
  ""image_analysis_per_image"": [
    {
      ""image_summary"": ""succulent garden"",
      ""visible_species_in_image"": [
        ""Kalanchoe thyrsiflora""
      ],
      ""landscape_elements"": [
        ""stone planter"",
        ""roof tiles"",
        ""dirt path"",
        ""trees""
      ],
      ""human_activities_in_image"": [],
      ""plants_detected"": [
        {
          ""scientific_name"": ""Kalanchoe thyrsiflora"",
          ""count_estimate"": ""multiple"",
          ""confidence"": 0.85
        }
      ],
      ""animals_detected"": [],
      ""human_activities_detected"": []
    }
  ]
}",True,
133,1天津市蓟州区盘山_1389018_7.jpg,Ancient stone pagoda,[],trees; rock face; sky,standing,[],[],standing,[],[],"[{""activity"": ""standing"", ""count_estimate"": ""1"", ""confidence"": 0.95}]","{
  ""image_analysis_per_image"": [
    {
      ""image_summary"": ""Ancient stone pagoda"",
      ""visible_species_in_image"": [],
      ""landscape_elements"": [
        ""trees"",
        ""rock face"",
        ""sky""
      ],
      ""human_activities_in_image"": [
        ""standing""
      ],
      ""plants_detected"": [],
      ""animals_detected"": [],
      ""human_activities_detected"": [
        {
          ""activity"": ""standing"",
          ""count_estimate"": ""1"",
          ""confidence"": 0.95
        }
      ]
    }
  ]
}",True,
134,1天津市蓟州区盘山_1389018_8.jpg,Rock with inscriptions in forest,[],rock; trees; vegetation; sky,[],[],[],[],[],[],[],"{
  ""image_analysis_per_image"": [
    {
      ""image_summary"": ""Rock with inscriptions in forest"",
      ""visible_species_in_image"": [],
      ""landscape_elements"": [
        ""rock"",
        ""trees"",
        ""vegetation"",
        ""sky""
      ],
      ""human_activities_in_image"": [],
      ""plants_detected"": [],
      ""animals_detected"": [],
      ""human_activities_detected"": []
    }
  ]
}",True,
135,1天津市蓟州区盘山_1389018_9.jpg,Rock with Chinese calligraphy,Pinus,rock; forest; grass,[],Pinus,[],[],"[{""scientific_name"": ""Pinus"", ""count_estimate"": ""1"", ""confidence"": 0.85}]",[],[],"{
  ""image_analysis_per_image"": [
    {
      ""image_summary"": ""Rock with Chinese calligraphy"",
      ""visible_species_in_image"": [
        ""Pinus""
      ],
      ""landscape_elements"": [
        ""rock"",
        ""forest"",
        ""grass""
      ],
      ""human_activities_in_image"": [],
      ""plants_detected"": [
        {
          ""scientific_name"": ""Pinus"",
          ""count_estimate"": ""1"",
          ""confidence"": 0.85
        }
      ],
      ""animals_detected"": [],
      ""human_activities_detected"": []
    }
  ]
}",True,
136,1天津市蓟州区盘山_1390660_1.jpg,Icy waterfall scene,Juniperus chinensis,ice waterfall; trees; rocks; frozen ground,[],Prunus mume,[],[],"[{""scientific_name"": ""Prunus mume"", ""count_estimate"": ""multiple"", ""confidence"": 0.85}]",[],[],"{
  ""image_analysis_per_image"": [
    {
      ""image_summary"": ""Icy waterfall scene"",
      ""visible_species_in_image"": [
        ""Juniperus chinensis""
      ],
      ""landscape_elements"": [
        ""ice waterfall"",
        ""trees"",
        ""rocks"",
        ""frozen ground""
      ],
      ""human_activities_in_image"": [],
      ""plants_detected"": [
        {
          ""scientific_name"": ""Prunus mume"",
          ""count_estimate"": ""multiple"",
          ""confidence"": 0.85
        }
      ],
      ""animals_detected"": [],
      ""human_activities_detected"": []
    }
  ]
}",True,
137,1天津市蓟州区盘山_1390660_2.jpg,massive ice formation,[],ice structure; bushes; sky; trees,barrier setup,[],[],safety barrier placement,[],[],"[{""activity"": ""safety barrier placement"", ""count_estimate"": ""1"", ""confidence"": 0.85}]","{
  ""image_analysis_per_image"": [
    {
      ""image_summary"": ""massive ice formation"",
      ""visible_species_in_image"": [],
      ""landscape_elements"": [
        ""ice structure"",
        ""bushes"",
        ""sky"",
        ""trees""
      ],
      ""human_activities_in_image"": [
        ""barrier setup""
      ],
      ""plants_detected"": [],
      ""animals_detected"": [],
      ""human_activities_detected"": [
        {
          ""activity"": ""safety barrier placement"",
          ""count_estimate"": ""1"",
          ""confidence"": 0.85
        }
      ]
    }
  ]
}",True,
138,1天津市蓟州区盘山_1390660_3.jpg,Frozen waterfall,[],ice formation; rock; snow; bare trees; sky,[],[],[],[],[],[],[],"{
  ""image_analysis_per_image"": [
    {
      ""image_summary"": ""Frozen waterfall"",
      ""visible_species_in_image"": [],
      ""landscape_elements"": [
        ""ice formation"",
        ""rock"",
        ""snow"",
        ""bare trees"",
        ""sky""
      ],
      ""human_activities_in_image"": [],
      ""plants_detected"": [],
      ""animals_detected"": [],
      ""human_activities_detected"": []
    }
  ]
}",True,
139,1天津市蓟州区盘山_1390660_4.jpg,Frozen waterfall scene,Fagus crenata,frozen waterfall; rock face; trees; rocks; sky,[],Fagus crenata,[],[],"[{""scientific_name"": ""Fagus crenata"", ""count_estimate"": ""multiple"", ""confidence"": 0.85}]",[],[],"{
  ""image_analysis_per_image"": [
    {
      ""image_summary"": ""Frozen waterfall scene"",
      ""visible_species_in_image"": [
        ""Fagus crenata""
      ],
      ""landscape_elements"": [
        ""frozen waterfall"",
        ""rock face"",
        ""trees"",
        ""rocks"",
        ""sky""
      ],
      ""human_activities_in_image"": [],
      ""plants_detected"": [
        {
          ""scientific_name"": ""Fagus crenata"",
          ""count_estimate"": ""multiple"",
          ""confidence"": 0.85
        }
      ],
      ""animals_detected"": [],
      ""human_activities_detected"": []
    }
  ]
}",True,
140,1天津市蓟州区盘山_1395377_1.jpg,Road with clock tower,[],road; mountains; grass; guardrail; sky,driving; riding scooter,unknown,[],driving; riding scooter,"[{""scientific_name"": ""unknown"", ""count_estimate"": ""multiple"", ""confidence"": 0.45}]",[],"[{""activity"": ""driving"", ""count_estimate"": ""1"", ""confidence"": 0.85}, {""activity"": ""riding scooter"", ""count_estimate"": ""1"", ""confidence"": 0.75}]","{
  ""image_analysis_per_image"": [
    {
      ""image_summary"": ""Road with clock tower"",
      ""visible_species_in_image"": [],
      ""landscape_elements"": [
        ""road"",
        ""mountains"",
        ""grass"",
        ""guardrail"",
        ""sky""
      ],
      ""human_activities_in_image"": [
        ""driving"",
        ""riding scooter""
      ],
      ""plants_detected"": [
        {
          ""scientific_name"": ""unknown"",
          ""count_estimate"": ""multiple"",
          ""confidence"": 0.45
        }
      ],
      ""animals_detected"": [],
      ""human_activities_detected"": [
        {
          ""activity"": ""driving"",
          ""count_estimate"": ""1"",
          ""confidence"": 0.85
        },
        {
          ""activity"": ""riding scooter"",
          ""count_estimate"": ""1"",
          ""confidence"": 0.75
        }
      ]
    }
  ]
}",True,
141,1天津市蓟州区盘山_1395377_2.jpg,green persimmon fruit,Diospyros kaki,tree branches; leaves,[],Diospyros kaki,[],[],"[{""scientific_name"": ""Diospyros kaki"", ""count_estimate"": ""1"", ""confidence"": 0.95}]",[],[],"{
  ""image_analysis_per_image"": [
    {
      ""image_summary"": ""green persimmon fruit"",
      ""visible_species_in_image"": [
        ""Diospyros kaki""
      ],
      ""landscape_elements"": [
        ""tree branches"",
        ""leaves""
      ],
      ""human_activities_in_image"": [],
      ""plants_detected"": [
        {
          ""scientific_name"": ""Diospyros kaki"",
          ""count_estimate"": ""1"",
          ""confidence"": 0.95
        }
      ],
      ""animals_detected"": [],
      ""human_activities_detected"": []
    }
  ]
}",True,
142,1天津市蓟州区盘山_1395377_3.jpg,fruit-laden tree,[],tree; foliage,[],[],[],[],[],[],[],"{
  ""image_analysis_per_image"": [
    {
      ""image_summary"": ""fruit-laden tree"",
      ""visible_species_in_image"": [],
      ""landscape_elements"": [
        ""tree"",
        ""foliage""
      ],
      ""human_activities_in_image"": []
    }
  ]
}",True,
143,1天津市蓟州区盘山_1395377_4.jpg,Red chili crop,[],garden; soil,[],Capsicum annuum,[],[],"[{""scientific_name"": ""Capsicum annuum"", ""count_estimate"": ""many"", ""confidence"": 0.95}]",[],[],"{
  ""image_analysis_per_image"": [
    {
      ""image_summary"": ""Red chili crop"",
      ""visible_species_in_image"": [],
      ""landscape_elements"": [
        ""garden"",
        ""soil""
      ],
      ""human_activities_in_image"": [],
      ""plants_detected"": [
        {
          ""scientific_name"": ""Capsicum annuum"",
          ""count_estimate"": ""many"",
          ""confidence"": 0.95
        }
      ],
      ""animals_detected"": [],
      ""human_activities_detected"": []
    }
  ]
}",True,
144,1天津市蓟州区盘山_1395377_5.jpg,vegetable field,Brassica oleracea,field; soil; sky,[],Brassica oleracea,[],[],"[{""scientific_name"": ""Brassica oleracea"", ""count_estimate"": ""many"", ""confidence"": 0.95}]",[],[],"{
  ""image_analysis_per_image"": [
    {
      ""image_summary"": ""vegetable field"",
      ""visible_species_in_image"": [
        ""Brassica oleracea""
      ],
      ""landscape_elements"": [
        ""field"",
        ""soil"",
        ""sky""
      ],
      ""human_activities_in_image"": [],
      ""plants_detected"": [
        {
          ""scientific_name"": ""Brassica oleracea"",
          ""count_estimate"": ""many"",
          ""confidence"": 0.95
        }
      ],
      ""animals_detected"": [],
      ""human_activities_detected"": []
    }
  ]
}",True,
145,1天津市蓟州区盘山_1395377_6.jpg,Pink and green foliage,Parthenocissus quinquefolia,water; foliage,[],Parthenocissus quinquefolia,[],[],"[{""scientific_name"": ""Parthenocissus quinquefolia"", ""count_estimate"": ""multiple"", ""confidence"": 0.85}]",[],[],"{
  ""image_analysis_per_image"": [
    {
      ""image_summary"": ""Pink and green foliage"",
      ""visible_species_in_image"": [
        ""Parthenocissus quinquefolia""
      ],
      ""landscape_elements"": [
        ""water"",
        ""foliage""
      ],
      ""human_activities_in_image"": [],
      ""plants_detected"": [
        {
          ""scientific_name"": ""Parthenocissus quinquefolia"",
          ""count_estimate"": ""multiple"",
          ""confidence"": 0.85
        }
      ],
      ""animals_detected"": [],
      ""human_activities_detected"": []
    }
  ]
}",True,
146,1天津市蓟州区盘山_1396397_1.jpg,Temple on mountain,[],mountain; sky; temple; steps; trees,walking; visiting,[],[],[],[],[],[],"{
  ""image_analysis_per_image"": [
    {
      ""image_summary"": ""Temple on mountain"",
      ""visible_species_in_image"": [],
      ""landscape_elements"": [
        ""mountain"",
        ""sky"",
        ""temple"",
        ""steps"",
        ""trees""
      ],
      ""human_activities_in_image"": [
        ""walking"",
        ""visiting""
      ],
      ""plants_detected"": [],
      ""animals_detected"": [],
      ""human_activities_detected"": []
    }
  ]
}",True,
147,1天津市蓟州区盘山_1397381_1.jpg,pine tree and pavilion,Pinus tabulaeformis,mountain; pavilion; sky,[],Pinus tabulaeformis,[],[],"[{""scientific_name"": ""Pinus tabulaeformis"", ""count_estimate"": ""many"", ""confidence"": 0.85}]",[],[],"{
  ""image_analysis_per_image"": [
    {
      ""image_summary"": ""pine tree and pavilion"",
      ""visible_species_in_image"": [
        ""Pinus tabulaeformis""
      ],
      ""landscape_elements"": [
        ""mountain"",
        ""pavilion"",
        ""sky""
      ],
      ""human_activities_in_image"": [],
      ""plants_detected"": [
        {
          ""scientific_name"": ""Pinus tabulaeformis"",
          ""count_estimate"": ""many"",
          ""confidence"": 0.85
        }
      ],
      ""animals_detected"": [],
      ""human_activities_detected"": []
    }
  ]
}",True,
148,1天津市蓟州区盘山_1397381_2.jpg,Hazy mountain town at sunset,[],mountains; lake; trees; road; buildings,[],[],[],[],[],[],[],"{
  ""image_analysis_per_image"": [
    {
      ""image_summary"": ""Hazy mountain town at sunset"",
      ""visible_species_in_image"": [],
      ""landscape_elements"": [
        ""mountains"",
        ""lake"",
        ""trees"",
        ""road"",
        ""buildings""
      ],
      ""human_activities_in_image"": []
    }
  ]
}",True,
149,1天津市蓟州区盘山_140jin_1.jpg,ancient stone pagoda,Pinus,pagoda; stone steps; sky; pine trees,standing near structure,Pinus tabuliformis,[],standing,"[{""scientific_name"": ""Pinus tabuliformis"", ""count_estimate"": ""2"", ""confidence"": 0.75}]",[],"[{""activity"": ""standing"", ""count_estimate"": ""1"", ""confidence"": 0.9}]","{
  ""image_analysis_per_image"": [
    {
      ""image_summary"": ""ancient stone pagoda"",
      ""visible_species_in_image"": [
        ""Pinus""
      ],
      ""landscape_elements"": [
        ""pagoda"",
        ""stone steps"",
        ""sky"",
        ""pine trees""
      ],
      ""human_activities_in_image"": [
        ""standing near structure""
      ],
      ""plants_detected"": [
        {
          ""scientific_name"": ""Pinus tabuliformis"",
          ""count_estimate"": ""2"",
          ""confidence"": 0.75
        }
      ],
      ""animals_detected"": [],
      ""human_activities_detected"": [
        {
          ""activity"": ""standing"",
          ""count_estimate"": ""1"",
          ""confidence"": 0.9
        }
      ]
    }
  ]
}",True,
150,1天津市蓟州区盘山_140jin_2.jpg,Mountain temple view,Pinus tabuliformis,mountains; sky; temple roofs; stone path; trees,[],Pinus tabuliformis,[],[],"[{""scientific_name"": ""Pinus tabuliformis"", ""count_estimate"": ""multiple"", ""confidence"": 0.85}]",[],[],"{
  ""image_analysis_per_image"": [
    {
      ""image_summary"": ""Mountain temple view"",
      ""visible_species_in_image"": [
        ""Pinus tabuliformis""
      ],
      ""landscape_elements"": [
        ""mountains"",
        ""sky"",
        ""temple roofs"",
        ""stone path"",
        ""trees""
      ],
      ""human_activities_in_image"": [],
      ""plants_detected"": [
        {
          ""scientific_name"": ""Pinus tabuliformis"",
          ""count_estimate"": ""multiple"",
          ""confidence"": 0.85
        }
      ],
      ""animals_detected"": [],
      ""human_activities_detected"": []
    }
  ]
}",True,
151,1天津市蓟州区盘山_140jin_3.jpg,Mountain peak with tower,Pinus species,mountain; tower; sky; rocks,[],Pinus tabuliformis,[],[],"[{""scientific_name"": ""Pinus tabuliformis"", ""count_estimate"": ""multiple"", ""confidence"": 0.85}]",[],[],"{
  ""image_analysis_per_image"": [
    {
      ""image_summary"": ""Mountain peak with tower"",
      ""visible_species_in_image"": [
        ""Pinus species""
      ],
      ""landscape_elements"": [
        ""mountain"",
        ""tower"",
        ""sky"",
        ""rocks""
      ],
      ""human_activities_in_image"": [],
      ""plants_detected"": [
        {
          ""scientific_name"": ""Pinus tabuliformis"",
          ""count_estimate"": ""multiple"",
          ""confidence"": 0.85
        }
      ],
      ""animals_detected"": [],
      ""human_activities_detected"": []
    }
  ]
}",True,
152,1天津市蓟州区盘山_140jin_4.jpg,misty mountain range,[],mountains; sky; trees,[],[],[],[],[],[],[],"{
  ""image_analysis_per_image"": [
    {
      ""image_summary"": ""misty mountain range"",
      ""visible_species_in_image"": [],
      ""landscape_elements"": [
        ""mountains"",
        ""sky"",
        ""trees""
      ],
      ""human_activities_in_image"": []
    }
  ]
}",True,
153,1天津市蓟州区盘山_140jin_5.jpg,mountain landscape,[],mountains; sky; trees,[],[],[],[],[],[],[],"{
  ""image_analysis_per_image"": [
    {
      ""image_summary"": ""mountain landscape"",
      ""visible_species_in_image"": [],
      ""landscape_elements"": [
        ""mountains"",
        ""sky"",
        ""trees""
      ],
      ""human_activities_in_image"": [],
      ""plants_detected"": [],
      ""animals_detected"": [],
      ""human_activities_detected"": []
    }
  ]
}",True,
154,1天津市蓟州区盘山_140jin_6.jpg,Garden waterfall scene,[],waterfall; pond; trees; bushes; rocks; paved path,[],[],[],[],[],[],[],"{
  ""image_analysis_per_image"": [
    {
      ""image_summary"": ""Garden waterfall scene"",
      ""visible_species_in_image"": [],
      ""landscape_elements"": [
        ""waterfall"",
        ""pond"",
        ""trees"",
        ""bushes"",
        ""rocks"",
        ""paved path""
      ],
      ""human_activities_in_image"": [],
      ""plants_detected"": [],
      ""animals_detected"": [],
      ""human_activities_detected"": []
    }
  ]
}",True,
155,1天津市蓟州区盘山_1501231_1.jpg,Mountain view with buildings,Pinus tabuliformis; Prunus serrulata,mountains; trees; buildings; sky; pathway,[],Pinus tabuliformis; Prunus serrulata,[],[],"[{""scientific_name"": ""Pinus tabuliformis"", ""count_estimate"": ""many"", ""confidence"": 0.85}, {""scientific_name"": ""Prunus serrulata"", ""count_estimate"": ""many"", ""confidence"": 0.75}]",[],[],"{
  ""image_analysis_per_image"": [
    {
      ""image_summary"": ""Mountain view with buildings"",
      ""visible_species_in_image"": [
        ""Pinus tabuliformis"",
        ""Prunus serrulata""
      ],
      ""landscape_elements"": [
        ""mountains"",
        ""trees"",
        ""buildings"",
        ""sky"",
        ""pathway""
      ],
      ""human_activities_in_image"": [],
      ""plants_detected"": [
        {
          ""scientific_name"": ""Pinus tabuliformis"",
          ""count_estimate"": ""many"",
          ""confidence"": 0.85
        },
        {
          ""scientific_name"": ""Prunus serrulata"",
          ""count_estimate"": ""many"",
          ""confidence"": 0.75
        }
      ],
      ""animals_detected"": [],
      ""human_activities_detected"": []
    }
  ]
}",True,
156,1天津市蓟州区盘山_1501231_2.jpg,Hikers on stone path,[],stone path; bare trees; sky; stone stupas,walking; hiking,[],[],walking,[],[],"[{""activity"": ""walking"", ""count_estimate"": ""3"", ""confidence"": 0.95}]","{
  ""image_analysis_per_image"": [
    {
      ""image_summary"": ""Hikers on stone path"",
      ""visible_species_in_image"": [],
      ""landscape_elements"": [
        ""stone path"",
        ""bare trees"",
        ""sky"",
        ""stone stupas""
      ],
      ""human_activities_in_image"": [
        ""walking"",
        ""hiking""
      ],
      ""plants_detected"": [],
      ""animals_detected"": [],
      ""human_activities_detected"": [
        {
          ""activity"": ""walking"",
          ""count_estimate"": ""3"",
          ""confidence"": 0.95
        }
      ]
    }
  ]
}",True,
157,1天津市蓟州区盘山_1501231_3.jpg,Cat in woods,Felis catus,trees; rocks; pine needles; dry leaves,[],[],Felis catus,[],[],"[{""scientific_name"": ""Felis catus"", ""count_estimate"": ""1"", ""confidence"": 0.95}]",[],"{
  ""image_analysis_per_image"": [
    {
      ""image_summary"": ""Cat in woods"",
      ""visible_species_in_image"": [
        ""Felis catus""
      ],
      ""landscape_elements"": [
        ""trees"",
        ""rocks"",
        ""pine needles"",
        ""dry leaves""
      ],
      ""human_activities_in_image"": [],
      ""plants_detected"": [],
      ""animals_detected"": [
        {
          ""scientific_name"": ""Felis catus"",
          ""count_estimate"": ""1"",
          ""confidence"": 0.95
        }
      ],
      ""human_activities_detected"": []
    }
  ]
}",True,
158,1天津市蓟州区盘山_1501231_4.jpg,Spring mountain steps,Prunus serrulata,stone steps; mountains; sky; fence,walking; standing,Prunus serrulata,[],walking,"[{""scientific_name"": ""Prunus serrulata"", ""count_estimate"": ""multiple"", ""confidence"": 0.85}]",[],"[{""activity"": ""walking"", ""count_estimate"": ""2"", ""confidence"": 0.95}]","{
  ""image_analysis_per_image"": [
    {
      ""image_summary"": ""Spring mountain steps"",
      ""visible_species_in_image"": [
        ""Prunus serrulata""
      ],
      ""landscape_elements"": [
        ""stone steps"",
        ""mountains"",
        ""sky"",
        ""fence""
      ],
      ""human_activities_in_image"": [
        ""walking"",
        ""standing""
      ],
      ""plants_detected"": [
        {
          ""scientific_name"": ""Prunus serrulata"",
          ""count_estimate"": ""multiple"",
          ""confidence"": 0.85
        }
      ],
      ""animals_detected"": [],
      ""human_activities_detected"": [
        {
          ""activity"": ""walking"",
          ""count_estimate"": ""2"",
          ""confidence"": 0.95
        }
      ]
    }
  ]
}",True,
159,1天津市蓟州区盘山_1510069_1.jpg,people on paved plaza,[],paved path; plaza,standing; walking,[],[],standing; walking,[],[],"[{""activity"": ""standing"", ""count_estimate"": ""2"", ""confidence"": 0.95}, {""activity"": ""walking"", ""count_estimate"": ""1"", ""confidence"": 0.9}]","{
  ""image_analysis_per_image"": [
    {
      ""image_summary"": ""people on paved plaza"",
      ""visible_species_in_image"": [],
      ""landscape_elements"": [
        ""paved path"",
        ""plaza""
      ],
      ""human_activities_in_image"": [
        ""standing"",
        ""walking""
      ],
      ""plants_detected"": [],
      ""animals_detected"": [],
      ""human_activities_detected"": [
        {
          ""activity"": ""standing"",
          ""count_estimate"": ""2"",
          ""confidence"": 0.95
        },
        {
          ""activity"": ""walking"",
          ""count_estimate"": ""1"",
          ""confidence"": 0.90
        }
      ]
    }
  ]
}",True,
160,1天津市蓟州区盘山_1510069_2.jpg,Stone monument sign,[],hills; trees; stone wall,[],unknown,[],[],"[{""scientific_name"": ""unknown"", ""count_estimate"": ""many"", ""confidence"": 0.75}]",[],[],"{
  ""image_analysis_per_image"": [
    {
      ""image_summary"": ""Stone monument sign"",
      ""visible_species_in_image"": [],
      ""landscape_elements"": [
        ""hills"",
        ""trees"",
        ""stone wall""
      ],
      ""human_activities_in_image"": [],
      ""plants_detected"": [
        {
          ""scientific_name"": ""unknown"",
          ""count_estimate"": ""many"",
          ""confidence"": 0.75
        }
      ],
      ""animals_detected"": [],
      ""human_activities_detected"": []
    }
  ]
}",True,
161,1天津市蓟州区盘山_1510069_3.jpg,staircase and archway,[],stairs; hills; archway,walking,unknown,[],walking,"[{""scientific_name"": ""unknown"", ""count_estimate"": ""many"", ""confidence"": 0.65}]",[],"[{""activity"": ""walking"", ""count_estimate"": ""3"", ""confidence"": 0.95}]","{
  ""image_analysis_per_image"": [
    {
      ""image_summary"": ""staircase and archway"",
      ""visible_species_in_image"": [],
      ""landscape_elements"": [
        ""stairs"",
        ""hills"",
        ""archway""
      ],
      ""human_activities_in_image"": [
        ""walking""
      ],
      ""plants_detected"": [
        {
          ""scientific_name"": ""unknown"",
          ""count_estimate"": ""many"",
          ""confidence"": 0.65
        }
      ],
      ""animals_detected"": [],
      ""human_activities_detected"": [
        {
          ""activity"": ""walking"",
          ""count_estimate"": ""3"",
          ""confidence"": 0.95
        }
      ]
    }
  ]
}",True,
162,1天津市蓟州区盘山_1510069_4.jpg,rocky waterfall scene,[],waterfall; rocks; stream,[],[],[],[],[],[],[],"{
  ""image_analysis_per_image"": [
    {
      ""image_summary"": ""rocky waterfall scene"",
      ""visible_species_in_image"": [],
      ""landscape_elements"": [
        ""waterfall"",
        ""rocks"",
        ""stream""
      ],
      ""human_activities_in_image"": [],
      ""plants_detected"": [],
      ""animals_detected"": [],
      ""human_activities_detected"": []
    }
  ]
}",True,
163,1天津市蓟州区盘山_1510069_5.jpg,miniature waterfall,Pinus sp.; Viola sororia,waterfall; pond; rocks; trees; bushes,[],Pinus sp.; Viola sororia,[],[],"[{""scientific_name"": ""Pinus sp."", ""count_estimate"": ""multiple"", ""confidence"": 0.95}, {""scientific_name"": ""Viola sororia"", ""count_estimate"": ""few"", ""confidence"": 0.75}]",[],[],"{
  ""image_analysis_per_image"": [
    {
      ""image_summary"": ""miniature waterfall"",
      ""visible_species_in_image"": [
        ""Pinus sp."",
        ""Viola sororia""
      ],
      ""landscape_elements"": [
        ""waterfall"",
        ""pond"",
        ""rocks"",
        ""trees"",
        ""bushes""
      ],
      ""human_activities_in_image"": [],
      ""plants_detected"": [
        {
          ""scientific_name"": ""Pinus sp."",
          ""count_estimate"": ""multiple"",
          ""confidence"": 0.95
        },
        {
          ""scientific_name"": ""Viola sororia"",
          ""count_estimate"": ""few"",
          ""confidence"": 0.75
        }
      ],
      ""animals_detected"": [],
      ""human_activities_detected"": []
    }
  ]
}",True,
164,1天津市蓟州区盘山_1510069_6.jpg,Purple flowers on rocky slope,Campanulastrum americanum,rocky slope; dirt ground; leaves,[],Campanulastrum americanum,[],[],"[{""scientific_name"": ""Campanulastrum americanum"", ""count_estimate"": ""2"", ""confidence"": 0.85}]",[],[],"{
  ""image_analysis_per_image"": [
    {
      ""image_summary"": ""Purple flowers on rocky slope"",
      ""visible_species_in_image"": [
        ""Campanulastrum americanum""
      ],
      ""landscape_elements"": [
        ""rocky slope"",
        ""dirt ground"",
        ""leaves""
      ],
      ""human_activities_in_image"": [],
      ""plants_detected"": [
        {
          ""scientific_name"": ""Campanulastrum americanum"",
          ""count_estimate"": ""2"",
          ""confidence"": 0.85
        }
      ],
      ""animals_detected"": [],
      ""human_activities_detected"": []
    }
  ]
}",True,
165,1天津市蓟州区盘山_1510069_7.jpg,cable cars over forest,[],forest; mountain; sky,riding cable car,[],[],riding cable car,[],[],"[{""activity"": ""riding cable car"", ""count_estimate"": ""multiple"", ""confidence"": 0.95}]","{
  ""image_analysis_per_image"": [
    {
      ""image_summary"": ""cable cars over forest"",
      ""visible_species_in_image"": [],
      ""landscape_elements"": [
        ""forest"",
        ""mountain"",
        ""sky""
      ],
      ""human_activities_in_image"": [
        ""riding cable car""
      ],
      ""plants_detected"": [],
      ""animals_detected"": [],
      ""human_activities_detected"": [
        {
          ""activity"": ""riding cable car"",
          ""count_estimate"": ""multiple"",
          ""confidence"": 0.95
        }
      ]
    }
  ]
}",True,
166,1天津市蓟州区盘山_1510069_8.jpg,Visitor at scenic rock formation,[],rock cliff; waterfall; steam; stone railing,taking photo; standing,[],[],taking photo,[],[],"[{""activity"": ""taking photo"", ""count_estimate"": ""1"", ""confidence"": 0.95}]","{
  ""image_analysis_per_image"": [
    {
      ""image_summary"": ""Visitor at scenic rock formation"",
      ""visible_species_in_image"": [],
      ""landscape_elements"": [
        ""rock cliff"",
        ""waterfall"",
        ""steam"",
        ""stone railing""
      ],
      ""human_activities_in_image"": [
        ""taking photo"",
        ""standing""
      ],
      ""plants_detected"": [],
      ""animals_detected"": [],
      ""human_activities_detected"": [
        {
          ""activity"": ""taking photo"",
          ""count_estimate"": ""1"",
          ""confidence"": 0.95
        }
      ]
    }
  ]
}",True,
167,1天津市蓟州区盘山_1510069_9.jpg,Mountain temple with tower,Pinus,mountain; rocks; tower; temple,visiting; walking,Pinus,[],visiting,"[{""scientific_name"": ""Pinus"", ""count_estimate"": ""multiple"", ""confidence"": 0.85}]",[],"[{""activity"": ""visiting"", ""count_estimate"": ""multiple"", ""confidence"": 0.9}]","{
  ""image_analysis_per_image"": [
    {
      ""image_summary"": ""Mountain temple with tower"",
      ""visible_species_in_image"": [
        ""Pinus""
      ],
      ""landscape_elements"": [
        ""mountain"",
        ""rocks"",
        ""tower"",
        ""temple""
      ],
      ""human_activities_in_image"": [
        ""visiting"",
        ""walking""
      ],
      ""plants_detected"": [
        {
          ""scientific_name"": ""Pinus"",
          ""count_estimate"": ""multiple"",
          ""confidence"": 0.85
        }
      ],
      ""animals_detected"": [],
      ""human_activities_detected"": [
        {
          ""activity"": ""visiting"",
          ""count_estimate"": ""multiple"",
          ""confidence"": 0.9
        }
      ]
    }
  ]
}",True,
168,1天津市蓟州区盘山_1516618_1.jpg,Mountain temple entrance,Prunus serotina; Platanus acerifolia,mountain; sky; paved area; temple building,[],Prunus serotina; Platanus acerifolia,[],[],"[{""scientific_name"": ""Prunus serotina"", ""count_estimate"": ""multiple"", ""confidence"": 0.85}, {""scientific_name"": ""Platanus acerifolia"", ""count_estimate"": ""1"", ""confidence"": 0.72}]",[],[],"{
  ""image_analysis_per_image"": [
    {
      ""image_summary"": ""Mountain temple entrance"",
      ""visible_species_in_image"": [
        ""Prunus serotina"",
        ""Platanus acerifolia""
      ],
      ""landscape_elements"": [
        ""mountain"",
        ""sky"",
        ""paved area"",
        ""temple building""
      ],
      ""human_activities_in_image"": [],
      ""plants_detected"": [
        {
          ""scientific_name"": ""Prunus serotina"",
          ""count_estimate"": ""multiple"",
          ""confidence"": 0.85
        },
        {
          ""scientific_name"": ""Platanus acerifolia"",
          ""count_estimate"": ""1"",
          ""confidence"": 0.72
        }
      ],
      ""animals_detected"": [],
      ""human_activities_detected"": []
    }
  ]
}",True,
169,1天津市蓟州区盘山_1516618_2.jpg,traditional archway,[],stairs; mountains; sky,[],[],[],[],[],[],[],"{
  ""image_analysis_per_image"": [
    {
      ""image_summary"": ""traditional archway"",
      ""visible_species_in_image"": [],
      ""landscape_elements"": [
        ""stairs"",
        ""mountains"",
        ""sky""
      ],
      ""human_activities_in_image"": [],
      ""plants_detected"": [],
      ""animals_detected"": [],
      ""human_activities_detected"": []
    }
  ]
}",True,
170,1天津市蓟州区盘山_1516618_4.jpg,Chinese archway gate,[],archway; hedges; trees; sky,walking; visiting,[],[],[],[],[],[],"{
  ""image_analysis_per_image"": [
    {
      ""image_summary"": ""Chinese archway gate"",
      ""visible_species_in_image"": [],
      ""landscape_elements"": [
        ""archway"",
        ""hedges"",
        ""trees"",
        ""sky""
      ],
      ""human_activities_in_image"": [
        ""walking"",
        ""visiting""
      ],
      ""plants_detected"": [],
      ""animals_detected"": [],
      ""human_activities_detected"": []
    }
  ]
}",True,
171,1天津市蓟州区盘山_1529182_1.jpg,Waterfall and rocks,[],waterfall; rocks; stream; trees; sky,sitting on rocks,[],[],sitting,[],[],"[{""activity"": ""sitting"", ""count_estimate"": ""2"", ""confidence"": 0.95}]","{
  ""image_analysis_per_image"": [
    {
      ""image_summary"": ""Waterfall and rocks"",
      ""visible_species_in_image"": [],
      ""landscape_elements"": [
        ""waterfall"",
        ""rocks"",
        ""stream"",
        ""trees"",
        ""sky""
      ],
      ""human_activities_in_image"": [
        ""sitting on rocks""
      ],
      ""plants_detected"": [],
      ""animals_detected"": [],
      ""human_activities_detected"": [
        {
          ""activity"": ""sitting"",
          ""count_estimate"": ""2"",
          ""confidence"": 0.95
        }
      ]
    }
  ]
}",True,
172,1天津市蓟州区盘山_1529182_2.jpg,golden pagoda and trees,Acer ginnala; Quercus,pagoda; trees; sky; stone steps; fence,visiting; photographing; walking,[],[],visiting; photographing,[],[],"[{""activity"": ""visiting"", ""count_estimate"": ""multiple"", ""confidence"": 0.95}, {""activity"": ""photographing"", ""count_estimate"": ""2"", ""confidence"": 0.85}]","{
  ""image_analysis_per_image"": [
    {
      ""image_summary"": ""golden pagoda and trees"",
      ""visible_species_in_image"": [
        ""Acer ginnala"",
        ""Quercus""
      ],
      ""landscape_elements"": [
        ""pagoda"",
        ""trees"",
        ""sky"",
        ""stone steps"",
        ""fence""
      ],
      ""human_activities_in_image"": [
        ""visiting"",
        ""photographing"",
        ""walking""
      ],
      ""plants_detected"": [],
      ""animals_detected"": [],
      ""human_activities_detected"": [
        {
          ""activity"": ""visiting"",
          ""count_estimate"": ""multiple"",
          ""confidence"": 0.95
        },
        {
          ""activity"": ""photographing"",
          ""count_estimate"": ""2"",
          ""confidence"": 0.85
        }
      ]
    }
  ]
}",True,
173,1天津市蓟州区盘山_1529182_3.jpg,Stone statue in woods,[],trees; sky; grass,[],unknown,[],[],"[{""scientific_name"": ""unknown"", ""count_estimate"": ""multiple"", ""confidence"": 0.65}]",[],[],"{
  ""image_analysis_per_image"": [
    {
      ""image_summary"": ""Stone statue in woods"",
      ""visible_species_in_image"": [],
      ""landscape_elements"": [
        ""trees"",
        ""sky"",
        ""grass""
      ],
      ""human_activities_in_image"": [],
      ""plants_detected"": [
        {
          ""scientific_name"": ""unknown"",
          ""count_estimate"": ""multiple"",
          ""confidence"": 0.65
        }
      ],
      ""animals_detected"": [],
      ""human_activities_detected"": []
    }
  ]
}",True,
174,1天津市蓟州区盘山_1529182_4.jpg,mountain landscape,[],mountains; sky; rocks; trees,[],[],[],[],[],[],[],"{
  ""image_analysis_per_image"": [
    {
      ""image_summary"": ""mountain landscape"",
      ""visible_species_in_image"": [],
      ""landscape_elements"": [
        ""mountains"",
        ""sky"",
        ""rocks"",
        ""trees""
      ],
      ""human_activities_in_image"": []
    }
  ]
}",True,
175,1天津市蓟州区盘山_1582937_1.jpg,temple on hill,[],forest; hill; sky; roof,[],unknown,[],[],"[{""scientific_name"": ""unknown"", ""count_estimate"": ""many"", ""confidence"": 0.5}]",[],[],"{
  ""image_analysis_per_image"": [
    {
      ""image_summary"": ""temple on hill"",
      ""visible_species_in_image"": [],
      ""landscape_elements"": [
        ""forest"",
        ""hill"",
        ""sky"",
        ""roof""
      ],
      ""human_activities_in_image"": [],
      ""plants_detected"": [
        {
          ""scientific_name"": ""unknown"",
          ""count_estimate"": ""many"",
          ""confidence"": 0.5
        }
      ],
      ""animals_detected"": [],
      ""human_activities_detected"": []
    }
  ]
}",True,
176,1天津市蓟州区盘山_1586403_2.jpg,Mountain peak with temple,[],mountain; sky; trees; temple,[],[],[],[],[],[],[],"{
  ""image_analysis_per_image"": [
    {
      ""image_summary"": ""Mountain peak with temple"",
      ""visible_species_in_image"": [],
      ""landscape_elements"": [
        ""mountain"",
        ""sky"",
        ""trees"",
        ""temple""
      ],
      ""human_activities_in_image"": [],
      ""plants_detected"": [],
      ""animals_detected"": [],
      ""human_activities_detected"": []
    }
  ]
}",True,
177,1天津市蓟州区盘山_1586403_3.jpg,Hiker posing at scenic viewpoint,Pinus,mountain; rock formation; tower structure; vegetation; sky,posing for photo; giving thumbs up,Pinus,[],posing for photo; giving thumbs up,"[{""scientific_name"": ""Pinus"", ""count_estimate"": ""multiple"", ""confidence"": 0.85}]",[],"[{""activity"": ""posing for photo"", ""count_estimate"": ""1"", ""confidence"": 0.95}, {""activity"": ""giving thumbs up"", ""count_estimate"": ""1"", ""confidence"": 0.95}]","{
  ""image_analysis_per_image"": [
    {
      ""image_summary"": ""Hiker posing at scenic viewpoint"",
      ""visible_species_in_image"": [
        ""Pinus""
      ],
      ""landscape_elements"": [
        ""mountain"",
        ""rock formation"",
        ""tower structure"",
        ""vegetation"",
        ""sky""
      ],
      ""human_activities_in_image"": [
        ""posing for photo"",
        ""giving thumbs up""
      ],
      ""plants_detected"": [
        {
          ""scientific_name"": ""Pinus"",
          ""count_estimate"": ""multiple"",
          ""confidence"": 0.85
        }
      ],
      ""animals_detected"": [],
      ""human_activities_detected"": [
        {
          ""activity"": ""posing for photo"",
          ""count_estimate"": ""1"",
          ""confidence"": 0.95
        },
        {
          ""activity"": ""giving thumbs up"",
          ""count_estimate"": ""1"",
          ""confidence"": 0.95
        }
      ]
    }
  ]
}",True,
178,1天津市蓟州区盘山_1586403_4.jpg,Mountain temple view,[],mountains; sky; forest; temple,[],[],[],[],[],[],[],"{
  ""image_analysis_per_image"": [
    {
      ""image_summary"": ""Mountain temple view"",
      ""visible_species_in_image"": [],
      ""landscape_elements"": [
        ""mountains"",
        ""sky"",
        ""forest"",
        ""temple""
      ],
      ""human_activities_in_image"": [],
      ""plants_detected"": [],
      ""animals_detected"": [],
      ""human_activities_detected"": []
    }
  ]
}",True,
179,1天津市蓟州区盘山_1586403_5.jpg,Mountain peak view,Pinus,mountain; sky; rock; tower,[],Pinus,[],[],"[{""scientific_name"": ""Pinus"", ""count_estimate"": ""multiple"", ""confidence"": 0.95}]",[],[],"{
  ""image_analysis_per_image"": [
    {
      ""image_summary"": ""Mountain peak view"",
      ""visible_species_in_image"": [
        ""Pinus""
      ],
      ""landscape_elements"": [
        ""mountain"",
        ""sky"",
        ""rock"",
        ""tower""
      ],
      ""human_activities_in_image"": [],
      ""plants_detected"": [
        {
          ""scientific_name"": ""Pinus"",
          ""count_estimate"": ""multiple"",
          ""confidence"": 0.95
        }
      ],
      ""animals_detected"": [],
      ""human_activities_detected"": []
    }
  ]
}",True,
180,1天津市蓟州区盘山_1586403_6.jpg,Cable cars on mountain,[],mountain; forest; cable car line; sky,riding cable cars; traveling,[],[],riding cable cars,[],[],"[{""activity"": ""riding cable cars"", ""count_estimate"": ""multiple"", ""confidence"": 0.95}]","{
  ""image_analysis_per_image"": [
    {
      ""image_summary"": ""Cable cars on mountain"",
      ""visible_species_in_image"": [],
      ""landscape_elements"": [
        ""mountain"",
        ""forest"",
        ""cable car line"",
        ""sky""
      ],
      ""human_activities_in_image"": [
        ""riding cable cars"",
        ""traveling""
      ],
      ""plants_detected"": [],
      ""animals_detected"": [],
      ""human_activities_detected"": [
        {
          ""activity"": ""riding cable cars"",
          ""count_estimate"": ""multiple"",
          ""confidence"": 0.95
        }
      ]
    }
  ]
}",True,
181,1天津市蓟州区盘山_1586403_7.jpg,Sunny mountain view,[],mountain; trees; sky; roof,[],[],[],[],[],[],[],"{
  ""image_analysis_per_image"": [
    {
      ""image_summary"": ""Sunny mountain view"",
      ""visible_species_in_image"": [],
      ""landscape_elements"": [
        ""mountain"",
        ""trees"",
        ""sky"",
        ""roof""
      ],
      ""human_activities_in_image"": []
    }
  ]
}",True,
182,1天津市蓟州区盘山_1590606_1.jpg,Mountainous landscape,[],mountain; trees; sky,[],[],[],[],[],[],[],"{
  ""image_analysis_per_image"": [
    {
      ""image_summary"": ""Mountainous landscape"",
      ""visible_species_in_image"": [],
      ""landscape_elements"": [
        ""mountain"",
        ""trees"",
        ""sky""
      ],
      ""human_activities_in_image"": []
    }
  ]
}",True,
183,1天津市蓟州区盘山_1590784_1.jpg,Mountain landscape,[],mountains; trees; sky,[],[],[],[],[],[],[],"{
  ""image_analysis_per_image"": [
    {
      ""image_summary"": ""Mountain landscape"",
      ""visible_species_in_image"": [],
      ""landscape_elements"": [
        ""mountains"",
        ""trees"",
        ""sky""
      ],
      ""human_activities_in_image"": [],
      ""plants_detected"": [],
      ""animals_detected"": [],
      ""human_activities_detected"": []
    }
  ]
}",True,
184,1天津市蓟州区盘山_1590784_2.jpg,Cable cars on mountain,[],mountain; rocks; trees; cableway,riding cable car,[],[],riding cable car,[],[],"[{""activity"": ""riding cable car"", ""count_estimate"": ""multiple"", ""confidence"": 0.85}]","{
  ""image_analysis_per_image"": [
    {
      ""image_summary"": ""Cable cars on mountain"",
      ""visible_species_in_image"": [],
      ""landscape_elements"": [
        ""mountain"",
        ""rocks"",
        ""trees"",
        ""cableway""
      ],
      ""human_activities_in_image"": [
        ""riding cable car""
      ],
      ""plants_detected"": [],
      ""animals_detected"": [],
      ""human_activities_detected"": [
        {
          ""activity"": ""riding cable car"",
          ""count_estimate"": ""multiple"",
          ""confidence"": 0.85
        }
      ]
    }
  ]
}",True,
185,1天津市蓟州区盘山_1590784_3.jpg,mountain route map,[],mountains; map,pointing at map,[],[],pointing at map,[],[],"[{""activity"": ""pointing at map"", ""count_estimate"": ""1"", ""confidence"": 0.95}]","{
  ""image_analysis_per_image"": [
    {
      ""image_summary"": ""mountain route map"",
      ""visible_species_in_image"": [],
      ""landscape_elements"": [
        ""mountains"",
        ""map""
      ],
      ""human_activities_in_image"": [
        ""pointing at map""
      ],
      ""plants_detected"": [],
      ""animals_detected"": [],
      ""human_activities_detected"": [
        {
          ""activity"": ""pointing at map"",
          ""count_estimate"": ""1"",
          ""confidence"": 0.95
        }
      ]
    }
  ]
}",True,
186,1天津市蓟州区盘山_1595545_1.jpg,people walking on path,[],paved path; trees; benches; sky,walking; sitting; standing,[],[],walking; sitting; standing,[],[],"[{""activity"": ""walking"", ""count_estimate"": ""3"", ""confidence"": 0.95}, {""activity"": ""sitting"", ""count_estimate"": ""1"", ""confidence"": 0.92}, {""activity"": ""standing"", ""count_estimate"": ""2"", ""confidence"": 0.88}]","{
  ""image_analysis_per_image"": [
    {
      ""image_summary"": ""people walking on path"",
      ""visible_species_in_image"": [],
      ""landscape_elements"": [
        ""paved path"",
        ""trees"",
        ""benches"",
        ""sky""
      ],
      ""human_activities_in_image"": [
        ""walking"",
        ""sitting"",
        ""standing""
      ],
      ""plants_detected"": [],
      ""animals_detected"": [],
      ""human_activities_detected"": [
        {
          ""activity"": ""walking"",
          ""count_estimate"": ""3"",
          ""confidence"": 0.95
        },
        {
          ""activity"": ""sitting"",
          ""count_estimate"": ""1"",
          ""confidence"": 0.92
        },
        {
          ""activity"": ""standing"",
          ""count_estimate"": ""2"",
          ""confidence"": 0.88
        }
      ]
    }
  ]
}",True,
187,1天津市蓟州区盘山_1595545_2.jpg,Stone monument in woods,[],forest; trees; rocky hillside,[],unknown,[],[],"[{""scientific_name"": ""unknown"", ""count_estimate"": ""many"", ""confidence"": 0.65}]",[],[],"{
  ""image_analysis_per_image"": [
    {
      ""image_summary"": ""Stone monument in woods"",
      ""visible_species_in_image"": [],
      ""landscape_elements"": [
        ""forest"",
        ""trees"",
        ""rocky hillside""
      ],
      ""human_activities_in_image"": [],
      ""plants_detected"": [
        {
          ""scientific_name"": ""unknown"",
          ""count_estimate"": ""many"",
          ""confidence"": 0.65
        }
      ],
      ""animals_detected"": [],
      ""human_activities_detected"": []
    }
  ]
}",True,
188,1天津市蓟州区盘山_1824356_1.jpg,Temple pagoda garden,[],paved path; hedges; trees; mountain; sky,walking,[],[],walking,[],[],"[{""activity"": ""walking"", ""count_estimate"": ""2"", ""confidence"": 0.85}]","{
  ""image_analysis_per_image"": [
    {
      ""image_summary"": ""Temple pagoda garden"",
      ""visible_species_in_image"": [],
      ""landscape_elements"": [
        ""paved path"",
        ""hedges"",
        ""trees"",
        ""mountain"",
        ""sky""
      ],
      ""human_activities_in_image"": [
        ""walking""
      ],
      ""plants_detected"": [],
      ""animals_detected"": [],
      ""human_activities_detected"": [
        {
          ""activity"": ""walking"",
          ""count_estimate"": ""2"",
          ""confidence"": 0.85
        }
      ]
    }
  ]
}",True,
189,1天津市蓟州区盘山_1824356_2.jpg,Cable car over forested hills,[],forest; mountains; sky; cable lines,[],[],[],[],[],[],[],"{
  ""image_analysis_per_image"": [
    {
      ""image_summary"": ""Cable car over forested hills"",
      ""visible_species_in_image"": [],
      ""landscape_elements"": [
        ""forest"",
        ""mountains"",
        ""sky"",
        ""cable lines""
      ],
      ""human_activities_in_image"": [],
      ""plants_detected"": [],
      ""animals_detected"": [],
      ""human_activities_detected"": []
    }
  ]
}",True,
190,1天津市蓟州区盘山_1824356_3.jpg,Monument with mountains,Pinus,mountains; sky; paved area; hedge,[],Pinus,[],[],"[{""scientific_name"": ""Pinus"", ""count_estimate"": ""many"", ""confidence"": 0.85}]",[],[],"{
  ""image_analysis_per_image"": [
    {
      ""image_summary"": ""Monument with mountains"",
      ""visible_species_in_image"": [
        ""Pinus""
      ],
      ""landscape_elements"": [
        ""mountains"",
        ""sky"",
        ""paved area"",
        ""hedge""
      ],
      ""human_activities_in_image"": [],
      ""plants_detected"": [
        {
          ""scientific_name"": ""Pinus"",
          ""count_estimate"": ""many"",
          ""confidence"": 0.85
        }
      ],
      ""animals_detected"": [],
      ""human_activities_detected"": []
    }
  ]
}",True,
191,1天津市蓟州区盘山_1824356_4.jpg,Grand Chinese gate,[],mountains; sky; paved path; hedges,walking; standing,unknown,[],walking; standing,"[{""scientific_name"": ""unknown"", ""count_estimate"": ""multiple"", ""confidence"": 0.85}]",[],"[{""activity"": ""walking"", ""count_estimate"": ""1"", ""confidence"": 0.95}, {""activity"": ""standing"", ""count_estimate"": ""3"", ""confidence"": 0.92}]","{
  ""image_analysis_per_image"": [
    {
      ""image_summary"": ""Grand Chinese gate"",
      ""visible_species_in_image"": [],
      ""landscape_elements"": [
        ""mountains"",
        ""sky"",
        ""paved path"",
        ""hedges""
      ],
      ""human_activities_in_image"": [
        ""walking"",
        ""standing""
      ],
      ""plants_detected"": [
        {
          ""scientific_name"": ""unknown"",
          ""count_estimate"": ""multiple"",
          ""confidence"": 0.85
        }
      ],
      ""animals_detected"": [],
      ""human_activities_detected"": [
        {
          ""activity"": ""walking"",
          ""count_estimate"": ""1"",
          ""confidence"": 0.95
        },
        {
          ""activity"": ""standing"",
          ""count_estimate"": ""3"",
          ""confidence"": 0.92
        }
      ]
    }
  ]
}",True,
192,1天津市蓟州区盘山_1861011_2.jpg,people at ticket machine,[],indoor floor; glass window; brick wall,using ticket machine; standing in line; interacting with screen,[],[],using ticket machine; standing in line,[],[],"[{""activity"": ""using ticket machine"", ""count_estimate"": ""1"", ""confidence"": 0.95}, {""activity"": ""standing in line"", ""count_estimate"": ""3"", ""confidence"": 0.92}]","{
  ""image_analysis_per_image"": [
    {
      ""image_summary"": ""people at ticket machine"",
      ""visible_species_in_image"": [],
      ""landscape_elements"": [
        ""indoor floor"",
        ""glass window"",
        ""brick wall""
      ],
      ""human_activities_in_image"": [
        ""using ticket machine"",
        ""standing in line"",
        ""interacting with screen""
      ],
      ""plants_detected"": [],
      ""animals_detected"": [],
      ""human_activities_detected"": [
        {
          ""activity"": ""using ticket machine"",
          ""count_estimate"": ""1"",
          ""confidence"": 0.95
        },
        {
          ""activity"": ""standing in line"",
          ""count_estimate"": ""3"",
          ""confidence"": 0.92
        }
      ]
    }
  ]
}",True,
193,1天津市蓟州区盘山_1861011_3.jpg,people queueing indoors,[],paved floor; ceiling; signs,waiting in line; standing,unknown,[],queuing,"[{""scientific_name"": ""unknown"", ""count_estimate"": ""1"", ""confidence"": 0.5}]",[],"[{""activity"": ""queuing"", ""count_estimate"": ""multiple"", ""confidence"": 0.95}]","{
  ""image_analysis_per_image"": [
    {
      ""image_summary"": ""people queueing indoors"",
      ""visible_species_in_image"": [],
      ""landscape_elements"": [
        ""paved floor"",
        ""ceiling"",
        ""signs""
      ],
      ""human_activities_in_image"": [
        ""waiting in line"",
        ""standing""
      ],
      ""plants_detected"": [
        {
          ""scientific_name"": ""unknown"",
          ""count_estimate"": ""1"",
          ""confidence"": 0.5
        }
      ],
      ""animals_detected"": [],
      ""human_activities_detected"": [
        {
          ""activity"": ""queuing"",
          ""count_estimate"": ""multiple"",
          ""confidence"": 0.95
        }
      ]
    }
  ]
}",True,
194,1天津市蓟州区盘山_1861011_4.jpg,mountainous landscape,[],mountains; valley; trees; clouds; sky,[],[],[],[],[],[],[],"{
  ""image_analysis_per_image"": [
    {
      ""image_summary"": ""mountainous landscape"",
      ""visible_species_in_image"": [],
      ""landscape_elements"": [
        ""mountains"",
        ""valley"",
        ""trees"",
        ""clouds"",
        ""sky""
      ],
      ""human_activities_in_image"": [],
      ""plants_detected"": [],
      ""animals_detected"": [],
      ""human_activities_detected"": []
    }
  ]
}",True,
195,1天津市蓟州区盘山_1861011_5.jpg,rocky stream pool,[],stream; rocks; cliff; water; vegetation,[],unknown ivy,[],[],"[{""scientific_name"": ""unknown ivy"", ""count_estimate"": ""many"", ""confidence"": 0.75}]",[],[],"{
  ""image_analysis_per_image"": [
    {
      ""image_summary"": ""rocky stream pool"",
      ""visible_species_in_image"": [],
      ""landscape_elements"": [
        ""stream"",
        ""rocks"",
        ""cliff"",
        ""water"",
        ""vegetation""
      ],
      ""human_activities_in_image"": [],
      ""plants_detected"": [
        {
          ""scientific_name"": ""unknown ivy"",
          ""count_estimate"": ""many"",
          ""confidence"": 0.75
        }
      ],
      ""animals_detected"": [],
      ""human_activities_detected"": []
    }
  ]
}",True,
196,1天津市蓟州区盘山_1861011_6.jpg,Rocky waterfall garden,[],rock; waterfall; stream,[],[],[],[],[],[],[],"{
  ""image_analysis_per_image"": [
    {
      ""image_summary"": ""Rocky waterfall garden"",
      ""visible_species_in_image"": [],
      ""landscape_elements"": [
        ""rock"",
        ""waterfall"",
        ""stream""
      ],
      ""human_activities_in_image"": [],
      ""plants_detected"": [],
      ""animals_detected"": [],
      ""human_activities_detected"": []
    }
  ]
}",True,
197,1天津市蓟州区盘山_1861011_7.jpg,pond with fish,[],pond; water; stone edge,[],[],Cyprinus rubrofuscus,[],[],"[{""scientific_name"": ""Cyprinus rubrofuscus"", ""count_estimate"": ""multiple"", ""confidence"": 0.95}]",[],"{
  ""image_analysis_per_image"": [
    {
      ""image_summary"": ""pond with fish"",
      ""visible_species_in_image"": [],
      ""landscape_elements"": [
        ""pond"",
        ""water"",
        ""stone edge""
      ],
      ""human_activities_in_image"": [],
      ""plants_detected"": [],
      ""animals_detected"": [
        {
          ""scientific_name"": ""Cyprinus rubrofuscus"",
          ""count_estimate"": ""multiple"",
          ""confidence"": 0.95
        }
      ],
      ""human_activities_detected"": []
    }
  ]
}",True,
198,1天津市蓟州区盘山_1873746_1.jpg,White peony flowers,Paeonia suffruticosa,garden; trees; sky,[],Paeonia suffruticosa,[],[],"[{""scientific_name"": ""Paeonia suffruticosa"", ""count_estimate"": ""multiple"", ""confidence"": 0.95}]",[],[],"{
  ""image_analysis_per_image"": [
    {
      ""image_summary"": ""White peony flowers"",
      ""visible_species_in_image"": [
        ""Paeonia suffruticosa""
      ],
      ""landscape_elements"": [
        ""garden"",
        ""trees"",
        ""sky""
      ],
      ""human_activities_in_image"": [],
      ""plants_detected"": [
        {
          ""scientific_name"": ""Paeonia suffruticosa"",
          ""count_estimate"": ""multiple"",
          ""confidence"": 0.95
        }
      ],
      ""animals_detected"": [],
      ""human_activities_detected"": []
    }
  ]
}",True,
199,1天津市蓟州区盘山_1873746_10.jpg,ancient stone pagodas,[],bare trees; stone wall; rocky hillside,[],unknown shrub,[],[],"[{""scientific_name"": ""unknown shrub"", ""count_estimate"": ""multiple"", ""confidence"": 0.85}]",[],[],"{
  ""image_analysis_per_image"": [
    {
      ""image_summary"": ""ancient stone pagodas"",
      ""visible_species_in_image"": [],
      ""landscape_elements"": [
        ""bare trees"",
        ""stone wall"",
        ""rocky hillside""
      ],
      ""human_activities_in_image"": [],
      ""plants_detected"": [
        {
          ""scientific_name"": ""unknown shrub"",
          ""count_estimate"": ""multiple"",
          ""confidence"": 0.85
        }
      ],
      ""animals_detected"": [],
      ""human_activities_detected"": []
    }
  ]
}",True,
200,1天津市蓟州区盘山_1873746_11.jpg,Rocky stream in forest,[],stream; rocks; trees; sky; cliff,[],[],[],[],[],[],[],"{
  ""image_analysis_per_image"": [
    {
      ""image_summary"": ""Rocky stream in forest"",
      ""visible_species_in_image"": [],
      ""landscape_elements"": [
        ""stream"",
        ""rocks"",
        ""trees"",
        ""sky"",
        ""cliff""
      ],
      ""human_activities_in_image"": [],
      ""plants_detected"": [],
      ""animals_detected"": [],
      ""human_activities_detected"": []
    }
  ]
}",True,
201,1天津市蓟州区盘山_1873746_2.jpg,blooming flowers,Paeonia lactiflora; Paeonia suffruticosa,sky; foliage,[],Paeonia lactiflora; Paeonia suffruticosa,[],[],"[{""scientific_name"": ""Paeonia lactiflora"", ""count_estimate"": ""multiple"", ""confidence"": 0.95}, {""scientific_name"": ""Paeonia suffruticosa"", ""count_estimate"": ""multiple"", ""confidence"": 0.85}]",[],[],"{
  ""image_analysis_per_image"": [
    {
      ""image_summary"": ""blooming flowers"",
      ""visible_species_in_image"": [
        ""Paeonia lactiflora"",
        ""Paeonia suffruticosa""
      ],
      ""landscape_elements"": [
        ""sky"",
        ""foliage""
      ],
      ""human_activities_in_image"": [],
      ""plants_detected"": [
        {
          ""scientific_name"": ""Paeonia lactiflora"",
          ""count_estimate"": ""multiple"",
          ""confidence"": 0.95
        },
        {
          ""scientific_name"": ""Paeonia suffruticosa"",
          ""count_estimate"": ""multiple"",
          ""confidence"": 0.85
        }
      ],
      ""animals_detected"": [],
      ""human_activities_detected"": []
    }
  ]
}",True,
202,1天津市蓟州区盘山_1873746_3.jpg,cable cars on mountain,Prunus serrulata,mountains; sky; cable car wires; rocky terrain,riding cable car,Prunus serrulata,[],riding cable car,"[{""scientific_name"": ""Prunus serrulata"", ""count_estimate"": ""multiple"", ""confidence"": 0.85}]",[],"[{""activity"": ""riding cable car"", ""count_estimate"": ""multiple"", ""confidence"": 0.92}]","{
  ""image_analysis_per_image"": [
    {
      ""image_summary"": ""cable cars on mountain"",
      ""visible_species_in_image"": [
        ""Prunus serrulata""
      ],
      ""landscape_elements"": [
        ""mountains"",
        ""sky"",
        ""cable car wires"",
        ""rocky terrain""
      ],
      ""human_activities_in_image"": [
        ""riding cable car""
      ],
      ""plants_detected"": [
        {
          ""scientific_name"": ""Prunus serrulata"",
          ""count_estimate"": ""multiple"",
          ""confidence"": 0.85
        }
      ],
      ""animals_detected"": [],
      ""human_activities_detected"": [
        {
          ""activity"": ""riding cable car"",
          ""count_estimate"": ""multiple"",
          ""confidence"": 0.92
        }
      ]
    }
  ]
}",True,
203,1天津市蓟州区盘山_1873746_4.jpg,Mountain view from wall,[],mountains; sky; stone wall; trees,[],[],[],[],[],[],[],"{
  ""image_analysis_per_image"": [
    {
      ""image_summary"": ""Mountain view from wall"",
      ""visible_species_in_image"": [],
      ""landscape_elements"": [
        ""mountains"",
        ""sky"",
        ""stone wall"",
        ""trees""
      ],
      ""human_activities_in_image"": [],
      ""plants_detected"": [],
      ""animals_detected"": [],
      ""human_activities_detected"": []
    }
  ]
}",True,
204,1天津市蓟州区盘山_1873746_5.jpg,rocky stream,[],stream; rocks; trees; sky,[],[],[],[],[],[],[],"{
  ""image_analysis_per_image"": [
    {
      ""image_summary"": ""rocky stream"",
      ""visible_species_in_image"": [],
      ""landscape_elements"": [
        ""stream"",
        ""rocks"",
        ""trees"",
        ""sky""
      ],
      ""human_activities_in_image"": [],
      ""plants_detected"": [],
      ""animals_detected"": [],
      ""human_activities_detected"": []
    }
  ]
}",True,
205,1天津市蓟州区盘山_1873746_6.jpg,stone pagodas in woods,[],trees; stone wall; sky,[],unknown,[],[],"[{""scientific_name"": ""unknown"", ""count_estimate"": ""multiple"", ""confidence"": 0.65}]",[],[],"{
  ""image_analysis_per_image"": [
    {
      ""image_summary"": ""stone pagodas in woods"",
      ""visible_species_in_image"": [],
      ""landscape_elements"": [
        ""trees"",
        ""stone wall"",
        ""sky""
      ],
      ""human_activities_in_image"": [],
      ""plants_detected"": [
        {
          ""scientific_name"": ""unknown"",
          ""count_estimate"": ""multiple"",
          ""confidence"": 0.65
        }
      ],
      ""animals_detected"": [],
      ""human_activities_detected"": []
    }
  ]
}",True,
206,1天津市蓟州区盘山_1873746_7.jpg,boy posing by rock,[],rock; tree; paved ground,posing for photo,[],[],posing for photo,[],[],"[{""activity"": ""posing for photo"", ""count_estimate"": ""1"", ""confidence"": 0.95}]","{
  ""image_analysis_per_image"": [
    {
      ""image_summary"": ""boy posing by rock"",
      ""visible_species_in_image"": [],
      ""landscape_elements"": [
        ""rock"",
        ""tree"",
        ""paved ground""
      ],
      ""human_activities_in_image"": [
        ""posing for photo""
      ],
      ""plants_detected"": [],
      ""animals_detected"": [],
      ""human_activities_detected"": [
        {
          ""activity"": ""posing for photo"",
          ""count_estimate"": ""1"",
          ""confidence"": 0.95
        }
      ]
    }
  ]
}",True,
207,1天津市蓟州区盘山_1873746_8.jpg,Temple on hillside,[],temple building; hillslope; bloomed trees; paved path; sky,visiting; standing,[],[],visiting,[],[],"[{""activity"": ""visiting"", ""count_estimate"": ""multiple"", ""confidence"": 0.95}]","{
  ""image_analysis_per_image"": [
    {
      ""image_summary"": ""Temple on hillside"",
      ""visible_species_in_image"": [],
      ""landscape_elements"": [
        ""temple building"",
        ""hillslope"",
        ""bloomed trees"",
        ""paved path"",
        ""sky""
      ],
      ""human_activities_in_image"": [
        ""visiting"",
        ""standing""
      ],
      ""plants_detected"": [],
      ""animals_detected"": [],
      ""human_activities_detected"": [
        {
          ""activity"": ""visiting"",
          ""count_estimate"": ""multiple"",
          ""confidence"": 0.95
        }
      ]
    }
  ]
}",True,
208,1天津市蓟州区盘山_1873746_9.jpg,Mountain cable car view,Pinus tabuliformis,mountains; cableway; rocks; sky,[],Pinus tabuliformis,[],[],"[{""scientific_name"": ""Pinus tabuliformis"", ""count_estimate"": ""multiple"", ""confidence"": 0.75}]",[],[],"{
  ""image_analysis_per_image"": [
    {
      ""image_summary"": ""Mountain cable car view"",
      ""visible_species_in_image"": [
        ""Pinus tabuliformis""
      ],
      ""landscape_elements"": [
        ""mountains"",
        ""cableway"",
        ""rocks"",
        ""sky""
      ],
      ""human_activities_in_image"": [],
      ""plants_detected"": [
        {
          ""scientific_name"": ""Pinus tabuliformis"",
          ""count_estimate"": ""multiple"",
          ""confidence"": 0.75
        }
      ],
      ""animals_detected"": [],
      ""human_activities_detected"": []
    }
  ]
}",True,
209,1天津市蓟州区盘山_201585_1.jpg,Rock with inscriptions,[],rock; forest,[],unknown,[],[],"[{""scientific_name"": ""unknown"", ""count_estimate"": ""several"", ""confidence"": 0.65}]",[],[],"{
  ""image_analysis_per_image"": [
    {
      ""image_summary"": ""Rock with inscriptions"",
      ""visible_species_in_image"": [],
      ""landscape_elements"": [
        ""rock"",
        ""forest""
      ],
      ""human_activities_in_image"": [],
      ""plants_detected"": [
        {
          ""scientific_name"": ""unknown"",
          ""count_estimate"": ""several"",
          ""confidence"": 0.65
        }
      ],
      ""animals_detected"": [],
      ""human_activities_detected"": []
    }
  ]
}",True,
210,1天津市蓟州区盘山_203003_1.jpg,Cable cars on mountain,[],mountains; cables; greenery,riding cable car,[],[],riding cable car,[],[],"[{""activity"": ""riding cable car"", ""count_estimate"": ""multiple"", ""confidence"": 0.95}]","{
  ""image_analysis_per_image"": [
    {
      ""image_summary"": ""Cable cars on mountain"",
      ""visible_species_in_image"": [],
      ""landscape_elements"": [
        ""mountains"",
        ""cables"",
        ""greenery""
      ],
      ""human_activities_in_image"": [
        ""riding cable car""
      ],
      ""plants_detected"": [],
      ""animals_detected"": [],
      ""human_activities_detected"": [
        {
          ""activity"": ""riding cable car"",
          ""count_estimate"": ""multiple"",
          ""confidence"": 0.95
        }
      ]
    }
  ]
}",True,
211,1天津市蓟州区盘山_203003_2.jpg,tourists at a temple,[],mountains; temple; paved plaza,walking; taking photos,[],[],taking photos; walking,[],[],"[{""activity"": ""taking photos"", ""count_estimate"": ""multiple"", ""confidence"": 0.95}, {""activity"": ""walking"", ""count_estimate"": ""multiple"", ""confidence"": 0.98}]","{
  ""image_analysis_per_image"": [
    {
      ""image_summary"": ""tourists at a temple"",
      ""visible_species_in_image"": [],
      ""landscape_elements"": [
        ""mountains"",
        ""temple"",
        ""paved plaza""
      ],
      ""human_activities_in_image"": [
        ""walking"",
        ""taking photos""
      ],
      ""plants_detected"": [],
      ""animals_detected"": [],
      ""human_activities_detected"": [
        {
          ""activity"": ""taking photos"",
          ""count_estimate"": ""multiple"",
          ""confidence"": 0.95
        },
        {
          ""activity"": ""walking"",
          ""count_estimate"": ""multiple"",
          ""confidence"": 0.98
        }
      ]
    }
  ]
}",True,
212,1天津市蓟州区盘山_203821_1.jpg,blooming tree canopy,[],tree; sky,[],[],[],[],[],[],[],"{
  ""image_analysis_per_image"": [
    {
      ""image_summary"": ""blooming tree canopy"",
      ""visible_species_in_image"": [],
      ""landscape_elements"": [
        ""tree"",
        ""sky""
      ],
      ""human_activities_in_image"": []
    }
  ]
}",True,
213,1天津市蓟州区盘山_203821_2.jpg,White blossoms in bloom,[],sky; trees; wooden path,[],Pyrus sp.,[],[],"[{""scientific_name"": ""Pyrus sp."", ""count_estimate"": ""many"", ""confidence"": 0.92}]",[],[],"{
  ""image_analysis_per_image"": [
    {
      ""image_summary"": ""White blossoms in bloom"",
      ""visible_species_in_image"": [],
      ""landscape_elements"": [
        ""sky"",
        ""trees"",
        ""wooden path""
      ],
      ""human_activities_in_image"": [],
      ""plants_detected"": [
        {
          ""scientific_name"": ""Pyrus sp."",
          ""count_estimate"": ""many"",
          ""confidence"": 0.92
        }
      ],
      ""animals_detected"": [],
      ""human_activities_detected"": []
    }
  ]
}",True,
214,1天津市蓟州区盘山_203821_3.jpg,stone bridge over stream,Prunus serrulata,bridge; rocky cliff; stream; trees; sky,[],Prunus serrulata,[],[],"[{""scientific_name"": ""Prunus serrulata"", ""count_estimate"": ""1"", ""confidence"": 0.85}]",[],[],"{
  ""image_analysis_per_image"": [
    {
      ""image_summary"": ""stone bridge over stream"",
      ""visible_species_in_image"": [
        ""Prunus serrulata""
      ],
      ""landscape_elements"": [
        ""bridge"",
        ""rocky cliff"",
        ""stream"",
        ""trees"",
        ""sky""
      ],
      ""human_activities_in_image"": [],
      ""plants_detected"": [
        {
          ""scientific_name"": ""Prunus serrulata"",
          ""count_estimate"": ""1"",
          ""confidence"": 0.85
        }
      ],
      ""animals_detected"": [],
      ""human_activities_detected"": []
    }
  ]
}",True,
215,1天津市蓟州区盘山_203821_4.jpg,Forest mountain view,[],mountain; forest; sky; stone railing,[],unknown,[],[],"[{""scientific_name"": ""unknown"", ""count_estimate"": ""many"", ""confidence"": 0.5}]",[],[],"{
  ""image_analysis_per_image"": [
    {
      ""image_summary"": ""Forest mountain view"",
      ""visible_species_in_image"": [],
      ""landscape_elements"": [
        ""mountain"",
        ""forest"",
        ""sky"",
        ""stone railing""
      ],
      ""human_activities_in_image"": [],
      ""plants_detected"": [
        {
          ""scientific_name"": ""unknown"",
          ""count_estimate"": ""many"",
          ""confidence"": 0.5
        }
      ],
      ""animals_detected"": [],
      ""human_activities_detected"": []
    }
  ]
}",True,
216,1天津市蓟州区盘山_203821_5.jpg,rocky waterfall scene,[],waterfall; rocks; trees; stream,[],Salix sp.,[],[],"[{""scientific_name"": ""Salix sp."", ""count_estimate"": ""1"", ""confidence"": 0.75}]",[],[],"{
  ""image_analysis_per_image"": [
    {
      ""image_summary"": ""rocky waterfall scene"",
      ""visible_species_in_image"": [],
      ""landscape_elements"": [
        ""waterfall"",
        ""rocks"",
        ""trees"",
        ""stream""
      ],
      ""human_activities_in_image"": [],
      ""plants_detected"": [
        {
          ""scientific_name"": ""Salix sp."",
          ""count_estimate"": ""1"",
          ""confidence"": 0.75
        }
      ],
      ""animals_detected"": [],
      ""human_activities_detected"": []
    }
  ]
}",True,
217,1天津市蓟州区盘山_203821_6.jpg,Mountain rock sign,unknown tree,mountain; rock formation; sky,[],unknown tree,[],[],"[{""scientific_name"": ""unknown tree"", ""count_estimate"": ""multiple"", ""confidence"": 0.5}]",[],[],"{
  ""image_analysis_per_image"": [
    {
      ""image_summary"": ""Mountain rock sign"",
      ""visible_species_in_image"": [
        ""unknown tree""
      ],
      ""landscape_elements"": [
        ""mountain"",
        ""rock formation"",
        ""sky""
      ],
      ""human_activities_in_image"": [],
      ""plants_detected"": [
        {
          ""scientific_name"": ""unknown tree"",
          ""count_estimate"": ""multiple"",
          ""confidence"": 0.5
        }
      ],
      ""animals_detected"": [],
      ""human_activities_detected"": []
    }
  ]
}",True,
218,1天津市蓟州区盘山_203821_7.jpg,Ancient stone pagoda in woods,[],trees; rocks; stone pagoda; sky,[],[],[],[],[],[],[],"{
  ""image_analysis_per_image"": [
    {
      ""image_summary"": ""Ancient stone pagoda in woods"",
      ""visible_species_in_image"": [],
      ""landscape_elements"": [
        ""trees"",
        ""rocks"",
        ""stone pagoda"",
        ""sky""
      ],
      ""human_activities_in_image"": []
    }
  ]
}",True,
219,1天津市蓟州区盘山_203821_8.jpg,stone gate entrance,Pinus,stone steps; trees; sky; mountain,[],Pinus,[],[],"[{""scientific_name"": ""Pinus"", ""count_estimate"": ""multiple"", ""confidence"": 0.85}]",[],[],"{
  ""image_analysis_per_image"": [
    {
      ""image_summary"": ""stone gate entrance"",
      ""visible_species_in_image"": [
        ""Pinus""
      ],
      ""landscape_elements"": [
        ""stone steps"",
        ""trees"",
        ""sky"",
        ""mountain""
      ],
      ""human_activities_in_image"": [],
      ""plants_detected"": [
        {
          ""scientific_name"": ""Pinus"",
          ""count_estimate"": ""multiple"",
          ""confidence"": 0.85
        }
      ],
      ""animals_detected"": [],
      ""human_activities_detected"": []
    }
  ]
}",True,
220,1天津市蓟州区盘山_230609_1.jpg,crowded temple gate,[],temple; mountain; steps; sky,walking; visiting,[],[],walking,[],[],"[{""activity"": ""walking"", ""count_estimate"": ""multiple"", ""confidence"": 0.95}]","{
  ""image_analysis_per_image"": [
    {
      ""image_summary"": ""crowded temple gate"",
      ""visible_species_in_image"": [],
      ""landscape_elements"": [
        ""temple"",
        ""mountain"",
        ""steps"",
        ""sky""
      ],
      ""human_activities_in_image"": [
        ""walking"",
        ""visiting""
      ],
      ""plants_detected"": [],
      ""animals_detected"": [],
      ""human_activities_detected"": [
        {
          ""activity"": ""walking"",
          ""count_estimate"": ""multiple"",
          ""confidence"": 0.95
        }
      ]
    }
  ]
}",True,
221,1天津市蓟州区盘山_230609_2.jpg,traditional gate entrance,Ficus carica,steps; sky; gate; building,walking; standing,Ficus carica,[],walking; standing,"[{""scientific_name"": ""Ficus carica"", ""count_estimate"": ""2"", ""confidence"": 0.85}]",[],"[{""activity"": ""walking"", ""count_estimate"": ""1"", ""confidence"": 0.9}, {""activity"": ""standing"", ""count_estimate"": ""1"", ""confidence"": 0.9}]","{
  ""image_analysis_per_image"": [
    {
      ""image_summary"": ""traditional gate entrance"",
      ""visible_species_in_image"": [
        ""Ficus carica""
      ],
      ""landscape_elements"": [
        ""steps"",
        ""sky"",
        ""gate"",
        ""building""
      ],
      ""human_activities_in_image"": [
        ""walking"",
        ""standing""
      ],
      ""plants_detected"": [
        {
          ""scientific_name"": ""Ficus carica"",
          ""count_estimate"": ""2"",
          ""confidence"": 0.85
        }
      ],
      ""animals_detected"": [],
      ""human_activities_detected"": [
        {
          ""activity"": ""walking"",
          ""count_estimate"": ""1"",
          ""confidence"": 0.9
        },
        {
          ""activity"": ""standing"",
          ""count_estimate"": ""1"",
          ""confidence"": 0.9
        }
      ]
    }
  ]
}",True,
222,1天津市蓟州区盘山_230609_3.jpg,Mountain landscape view,Pinus tabuliformis,mountains; sky; valley; trees,[],Pinus tabuliformis,[],[],"[{""scientific_name"": ""Pinus tabuliformis"", ""count_estimate"": ""multiple"", ""confidence"": 0.85}]",[],[],"{
  ""image_analysis_per_image"": [
    {
      ""image_summary"": ""Mountain landscape view"",
      ""visible_species_in_image"": [
        ""Pinus tabuliformis""
      ],
      ""landscape_elements"": [
        ""mountains"",
        ""sky"",
        ""valley"",
        ""trees""
      ],
      ""human_activities_in_image"": [],
      ""plants_detected"": [
        {
          ""scientific_name"": ""Pinus tabuliformis"",
          ""count_estimate"": ""multiple"",
          ""confidence"": 0.85
        }
      ],
      ""animals_detected"": [],
      ""human_activities_detected"": []
    }
  ]
}",True,
223,1天津市蓟州区盘山_230609_4.jpg,crowds at ornate gate,[],stone steps; green hills; blue sky; paved path,walking; climbing stairs; taking photos,[],[],walking,[],[],"[{""activity"": ""walking"", ""count_estimate"": ""multiple"", ""confidence"": 0.95}]","{
  ""image_analysis_per_image"": [
    {
      ""image_summary"": ""crowds at ornate gate"",
      ""visible_species_in_image"": [],
      ""landscape_elements"": [
        ""stone steps"",
        ""green hills"",
        ""blue sky"",
        ""paved path""
      ],
      ""human_activities_in_image"": [
        ""walking"",
        ""climbing stairs"",
        ""taking photos""
      ],
      ""plants_detected"": [],
      ""animals_detected"": [],
      ""human_activities_detected"": [
        {
          ""activity"": ""walking"",
          ""count_estimate"": ""multiple"",
          ""confidence"": 0.95
        }
      ]
    }
  ]
}",True,
224,1天津市蓟州区盘山_230609_5.jpg,crowded temple gate,[],mountains; temple; stairs,walking; standing; visiting,[],[],walking,[],[],"[{""activity"": ""walking"", ""count_estimate"": ""many"", ""confidence"": 0.95}]","{
  ""image_analysis_per_image"": [
    {
      ""image_summary"": ""crowded temple gate"",
      ""visible_species_in_image"": [],
      ""landscape_elements"": [
        ""mountains"",
        ""temple"",
        ""stairs""
      ],
      ""human_activities_in_image"": [
        ""walking"",
        ""standing"",
        ""visiting""
      ],
      ""plants_detected"": [],
      ""animals_detected"": [],
      ""human_activities_detected"": [
        {
          ""activity"": ""walking"",
          ""count_estimate"": ""many"",
          ""confidence"": 0.95
        }
      ]
    }
  ]
}",True,
225,1天津市蓟州区盘山_230609_6.jpg,Mountain landscape view,Pinus tabulaeformis,mountains; valley; sky,[],Pinus tabulaeformis,[],[],"[{""scientific_name"": ""Pinus tabulaeformis"", ""count_estimate"": ""multiple"", ""confidence"": 0.85}]",[],[],"{
  ""image_analysis_per_image"": [
    {
      ""image_summary"": ""Mountain landscape view"",
      ""visible_species_in_image"": [
        ""Pinus tabulaeformis""
      ],
      ""landscape_elements"": [
        ""mountains"",
        ""valley"",
        ""sky""
      ],
      ""human_activities_in_image"": [],
      ""plants_detected"": [
        {
          ""scientific_name"": ""Pinus tabulaeformis"",
          ""count_estimate"": ""multiple"",
          ""confidence"": 0.85
        }
      ],
      ""animals_detected"": [],
      ""human_activities_detected"": []
    }
  ]
}",True,
226,1天津市蓟州区盘山_230609_7.jpg,crowded tourist gate,[],mountains; sky; stairs; gardens,walking; taking photos; visiting,unknown,[],walking; taking photos,"[{""scientific_name"": ""unknown"", ""count_estimate"": ""many"", ""confidence"": 0.65}]",[],"[{""activity"": ""walking"", ""count_estimate"": ""multiple"", ""confidence"": 0.95}, {""activity"": ""taking photos"", ""count_estimate"": ""1"", ""confidence"": 0.85}]","{
  ""image_analysis_per_image"": [
    {
      ""image_summary"": ""crowded tourist gate"",
      ""visible_species_in_image"": [],
      ""landscape_elements"": [
        ""mountains"",
        ""sky"",
        ""stairs"",
        ""gardens""
      ],
      ""human_activities_in_image"": [
        ""walking"",
        ""taking photos"",
        ""visiting""
      ],
      ""plants_detected"": [
        {
          ""scientific_name"": ""unknown"",
          ""count_estimate"": ""many"",
          ""confidence"": 0.65
        }
      ],
      ""animals_detected"": [],
      ""human_activities_detected"": [
        {
          ""activity"": ""walking"",
          ""count_estimate"": ""multiple"",
          ""confidence"": 0.95
        },
        {
          ""activity"": ""taking photos"",
          ""count_estimate"": ""1"",
          ""confidence"": 0.85
        }
      ]
    }
  ]
}",True,
227,1天津市蓟州区盘山_232ud_1.jpg,man on road,[],road; mountains; trees; sky,standing; sitting,[],[],standing; sitting,[],[],"[{""activity"": ""standing"", ""count_estimate"": ""1"", ""confidence"": 0.95}, {""activity"": ""sitting"", ""count_estimate"": ""1"", ""confidence"": 0.92}]","{
  ""image_analysis_per_image"": [
    {
      ""image_summary"": ""man on road"",
      ""visible_species_in_image"": [],
      ""landscape_elements"": [
        ""road"",
        ""mountains"",
        ""trees"",
        ""sky""
      ],
      ""human_activities_in_image"": [
        ""standing"",
        ""sitting""
      ],
      ""plants_detected"": [],
      ""animals_detected"": [],
      ""human_activities_detected"": [
        {
          ""activity"": ""standing"",
          ""count_estimate"": ""1"",
          ""confidence"": 0.95
        },
        {
          ""activity"": ""sitting"",
          ""count_estimate"": ""1"",
          ""confidence"": 0.92
        }
      ]
    }
  ]
}",True,
228,1天津市蓟州区盘山_232ud_10.jpg,mountain view with statue,[],mountains; sky; trees; paved path,[],[],[],[],[],[],[],"{
  ""image_analysis_per_image"": [
    {
      ""image_summary"": ""mountain view with statue"",
      ""visible_species_in_image"": [],
      ""landscape_elements"": [
        ""mountains"",
        ""sky"",
        ""trees"",
        ""paved path""
      ],
      ""human_activities_in_image"": [],
      ""plants_detected"": [],
      ""animals_detected"": [],
      ""human_activities_detected"": []
    }
  ]
}",True,
229,1天津市蓟州区盘山_232ud_11.jpg,Pine tree path view,Pinus tabulaeformis,pathway; sky; mountain; building; stone railing,[],Pinus tabulaeformis,[],[],"[{""scientific_name"": ""Pinus tabulaeformis"", ""count_estimate"": ""1"", ""confidence"": 0.95}]",[],[],"{
  ""image_analysis_per_image"": [
    {
      ""image_summary"": ""Pine tree path view"",
      ""visible_species_in_image"": [
        ""Pinus tabulaeformis""
      ],
      ""landscape_elements"": [
        ""pathway"",
        ""sky"",
        ""mountain"",
        ""building"",
        ""stone railing""
      ],
      ""human_activities_in_image"": [],
      ""plants_detected"": [
        {
          ""scientific_name"": ""Pinus tabulaeformis"",
          ""count_estimate"": ""1"",
          ""confidence"": 0.95
        }
      ],
      ""animals_detected"": [],
      ""human_activities_detected"": []
    }
  ]
}",True,
230,1天津市蓟州区盘山_232ud_12.jpg,mountain landscape,Pinus,mountains; sky; trees; pathway,[],Pinus tabulaeformis,[],[],"[{""scientific_name"": ""Pinus tabulaeformis"", ""count_estimate"": ""multiple"", ""confidence"": 0.85}]",[],[],"{
  ""image_analysis_per_image"": [
    {
      ""image_summary"": ""mountain landscape"",
      ""visible_species_in_image"": [
        ""Pinus""
      ],
      ""landscape_elements"": [
        ""mountains"",
        ""sky"",
        ""trees"",
        ""pathway""
      ],
      ""human_activities_in_image"": [],
      ""plants_detected"": [
        {
          ""scientific_name"": ""Pinus tabulaeformis"",
          ""count_estimate"": ""multiple"",
          ""confidence"": 0.85
        }
      ],
      ""animals_detected"": [],
      ""human_activities_detected"": []
    }
  ]
}",True,
231,1天津市蓟州区盘山_232ud_13.jpg,Mountain landscape view,Pinus tabuliformis,mountains; sky; rocks; trees,[],Pinus tabuliformis,[],[],"[{""scientific_name"": ""Pinus tabuliformis"", ""count_estimate"": ""multiple"", ""confidence"": 0.85}]",[],[],"{
  ""image_analysis_per_image"": [
    {
      ""image_summary"": ""Mountain landscape view"",
      ""visible_species_in_image"": [
        ""Pinus tabuliformis""
      ],
      ""landscape_elements"": [
        ""mountains"",
        ""sky"",
        ""rocks"",
        ""trees""
      ],
      ""human_activities_in_image"": [],
      ""plants_detected"": [
        {
          ""scientific_name"": ""Pinus tabuliformis"",
          ""count_estimate"": ""multiple"",
          ""confidence"": 0.85
        }
      ],
      ""animals_detected"": [],
      ""human_activities_detected"": []
    }
  ]
}",True,
232,1天津市蓟州区盘山_232ud_14.jpg,temple on mountain,Pinus tabulaeformis,mountain; rocky cliff; traditional building; blue sky,[],Pinus tabulaeformis,[],[],"[{""scientific_name"": ""Pinus tabulaeformis"", ""count_estimate"": ""multiple"", ""confidence"": 0.85}]",[],[],"{
  ""image_analysis_per_image"": [
    {
      ""image_summary"": ""temple on mountain"",
      ""visible_species_in_image"": [
        ""Pinus tabulaeformis""
      ],
      ""landscape_elements"": [
        ""mountain"",
        ""rocky cliff"",
        ""traditional building"",
        ""blue sky""
      ],
      ""human_activities_in_image"": [],
      ""plants_detected"": [
        {
          ""scientific_name"": ""Pinus tabulaeformis"",
          ""count_estimate"": ""multiple"",
          ""confidence"": 0.85
        }
      ],
      ""animals_detected"": [],
      ""human_activities_detected"": []
    }
  ]
}",True,
233,1天津市蓟州区盘山_232ud_15.jpg,mountain path view,Pinus,stone steps; trees; mountains; sky; pathway,[],Pinus,[],[],"[{""scientific_name"": ""Pinus"", ""count_estimate"": ""multiple"", ""confidence"": 0.85}]",[],[],"{
  ""image_analysis_per_image"": [
    {
      ""image_summary"": ""mountain path view"",
      ""visible_species_in_image"": [
        ""Pinus""
      ],
      ""landscape_elements"": [
        ""stone steps"",
        ""trees"",
        ""mountains"",
        ""sky"",
        ""pathway""
      ],
      ""human_activities_in_image"": [],
      ""plants_detected"": [
        {
          ""scientific_name"": ""Pinus"",
          ""count_estimate"": ""multiple"",
          ""confidence"": 0.85
        }
      ],
      ""animals_detected"": [],
      ""human_activities_detected"": []
    }
  ]
}",True,
234,1天津市蓟州区盘山_232ud_2.jpg,man on stone wall,[],stone wall; paved ground; trees,sitting,[],[],sitting,[],[],"[{""activity"": ""sitting"", ""count_estimate"": ""1"", ""confidence"": 0.98}]","{
  ""image_analysis_per_image"": [
    {
      ""image_summary"": ""man on stone wall"",
      ""visible_species_in_image"": [],
      ""landscape_elements"": [
        ""stone wall"",
        ""paved ground"",
        ""trees""
      ],
      ""human_activities_in_image"": [
        ""sitting""
      ],
      ""plants_detected"": [],
      ""animals_detected"": [],
      ""human_activities_detected"": [
        {
          ""activity"": ""sitting"",
          ""count_estimate"": ""1"",
          ""confidence"": 0.98
        }
      ]
    }
  ]
}",True,
235,1天津市蓟州区盘山_232ud_3.jpg,man near statues,[],trees; statues,standing; looking,[],[],standing,[],[],"[{""activity"": ""standing"", ""count_estimate"": ""1"", ""confidence"": 0.95}]","{
  ""image_analysis_per_image"": [
    {
      ""image_summary"": ""man near statues"",
      ""visible_species_in_image"": [],
      ""landscape_elements"": [
        ""trees"",
        ""statues""
      ],
      ""human_activities_in_image"": [
        ""standing"",
        ""looking""
      ],
      ""plants_detected"": [],
      ""animals_detected"": [],
      ""human_activities_detected"": [
        {
          ""activity"": ""standing"",
          ""count_estimate"": ""1"",
          ""confidence"": 0.95
        }
      ]
    }
  ]
}",True,
236,1天津市蓟州区盘山_232ud_4.jpg,Ancient temple roof,[],mountains; sky,[],[],[],[],[],[],[],"{
  ""image_analysis_per_image"": [
    {
      ""image_summary"": ""Ancient temple roof"",
      ""visible_species_in_image"": [],
      ""landscape_elements"": [
        ""mountains"",
        ""sky""
      ],
      ""human_activities_in_image"": [],
      ""plants_detected"": [],
      ""animals_detected"": [],
      ""human_activities_detected"": []
    }
  ]
}",True,
237,1天津市蓟州区盘山_232ud_5.jpg,Cable car cabin interior,[],cable car cabin; trees; forest,riding cable car,unknown,[],riding cable car,"[{""scientific_name"": ""unknown"", ""count_estimate"": ""many"", ""confidence"": 0.75}]",[],"[{""activity"": ""riding cable car"", ""count_estimate"": ""1"", ""confidence"": 0.98}]","{
  ""image_analysis_per_image"": [
    {
      ""image_summary"": ""Cable car cabin interior"",
      ""visible_species_in_image"": [],
      ""landscape_elements"": [
        ""cable car cabin"",
        ""trees"",
        ""forest""
      ],
      ""human_activities_in_image"": [
        ""riding cable car""
      ],
      ""plants_detected"": [
        {
          ""scientific_name"": ""unknown"",
          ""count_estimate"": ""many"",
          ""confidence"": 0.75
        }
      ],
      ""animals_detected"": [],
      ""human_activities_detected"": [
        {
          ""activity"": ""riding cable car"",
          ""count_estimate"": ""1"",
          ""confidence"": 0.98
        }
      ]
    }
  ]
}",True,
238,1天津市蓟州区盘山_232ud_7.jpg,Autumn forest canopy,[],tree trunk; branches; leaves; sky,[],unknown oak species,[],[],"[{""scientific_name"": ""unknown oak species"", ""count_estimate"": ""multiple"", ""confidence"": 0.85}]",[],[],"{
  ""image_analysis_per_image"": [
    {
      ""image_summary"": ""Autumn forest canopy"",
      ""visible_species_in_image"": [],
      ""landscape_elements"": [
        ""tree trunk"",
        ""branches"",
        ""leaves"",
        ""sky""
      ],
      ""human_activities_in_image"": [],
      ""plants_detected"": [
        {
          ""scientific_name"": ""unknown oak species"",
          ""count_estimate"": ""multiple"",
          ""confidence"": 0.85
        }
      ],
      ""animals_detected"": [],
      ""human_activities_detected"": []
    }
  ]
}",True,
239,1天津市蓟州区盘山_232ud_8.jpg,Temple on mountain,[],mountain; trees; paved path; sky; distant city,walking,[],[],walking,[],[],"[{""activity"": ""walking"", ""count_estimate"": ""1"", ""confidence"": 0.85}]","{
  ""image_analysis_per_image"": [
    {
      ""image_summary"": ""Temple on mountain"",
      ""visible_species_in_image"": [],
      ""landscape_elements"": [
        ""mountain"",
        ""trees"",
        ""paved path"",
        ""sky"",
        ""distant city""
      ],
      ""human_activities_in_image"": [
        ""walking""
      ],
      ""plants_detected"": [],
      ""animals_detected"": [],
      ""human_activities_detected"": [
        {
          ""activity"": ""walking"",
          ""count_estimate"": ""1"",
          ""confidence"": 0.85
        }
      ]
    }
  ]
}",True,
240,1天津市蓟州区盘山_232ud_9.jpg,mountain view autumn,[],sky; mountains; cableway cable; valley,[],[],[],[],[],[],[],"{
  ""image_analysis_per_image"": [
    {
      ""image_summary"": ""mountain view autumn"",
      ""visible_species_in_image"": [],
      ""landscape_elements"": [
        ""sky"",
        ""mountains"",
        ""cableway cable"",
        ""valley""
      ],
      ""human_activities_in_image"": [],
      ""plants_detected"": [],
      ""animals_detected"": [],
      ""human_activities_detected"": []
    }
  ]
}",True,
241,1天津市蓟州区盘山_234978_1.jpg,Twilight mountain view,[],sky; mountains; silhouette trees,[],[],[],[],[],[],[],"{
  ""image_analysis_per_image"": [
    {
      ""image_summary"": ""Twilight mountain view"",
      ""visible_species_in_image"": [],
      ""landscape_elements"": [
        ""sky"",
        ""mountains"",
        ""silhouette trees""
      ],
      ""human_activities_in_image"": []
    }
  ]
}",True,
242,1天津市蓟州区盘山_288709_1.jpg,Mountain peak with pavilion,Pinus tabulaeformis,mountain; sky; pavilion; cityscape,[],Pinus tabulaeformis,[],[],"[{""scientific_name"": ""Pinus tabulaeformis"", ""count_estimate"": ""multiple"", ""confidence"": 0.85}]",[],[],"{
  ""image_analysis_per_image"": [
    {
      ""image_summary"": ""Mountain peak with pavilion"",
      ""visible_species_in_image"": [
        ""Pinus tabulaeformis""
      ],
      ""landscape_elements"": [
        ""mountain"",
        ""sky"",
        ""pavilion"",
        ""cityscape""
      ],
      ""human_activities_in_image"": [],
      ""plants_detected"": [
        {
          ""scientific_name"": ""Pinus tabulaeformis"",
          ""count_estimate"": ""multiple"",
          ""confidence"": 0.85
        }
      ],
      ""animals_detected"": [],
      ""human_activities_detected"": []
    }
  ]
}",True,
243,1天津市蓟州区盘山_288709_2.jpg,temple with pagoda,Ginkgo biloba; Juniperus,mountain; paved path; sky; hedge; building,standing,Ginkgo biloba; unknown shrub,[],standing,"[{""scientific_name"": ""Ginkgo biloba"", ""count_estimate"": ""1"", ""confidence"": 0.85}, {""scientific_name"": ""unknown shrub"", ""count_estimate"": ""multiple"", ""confidence"": 0.6}]",[],"[{""activity"": ""standing"", ""count_estimate"": ""1"", ""confidence"": 0.75}]","{
  ""image_analysis_per_image"": [
    {
      ""image_summary"": ""temple with pagoda"",
      ""visible_species_in_image"": [
        ""Ginkgo biloba"",
        ""Juniperus""
      ],
      ""landscape_elements"": [
        ""mountain"",
        ""paved path"",
        ""sky"",
        ""hedge"",
        ""building""
      ],
      ""human_activities_in_image"": [
        ""standing""
      ],
      ""plants_detected"": [
        {
          ""scientific_name"": ""Ginkgo biloba"",
          ""count_estimate"": ""1"",
          ""confidence"": 0.85
        },
        {
          ""scientific_name"": ""unknown shrub"",
          ""count_estimate"": ""multiple"",
          ""confidence"": 0.60
        }
      ],
      ""animals_detected"": [],
      ""human_activities_detected"": [
        {
          ""activity"": ""standing"",
          ""count_estimate"": ""1"",
          ""confidence"": 0.75
        }
      ]
    }
  ]
}",True,
244,1天津市蓟州区盘山_288709_4.jpg,Chinese archway,[],mountains; sky; staircase,walking; standing,[],[],walking,[],[],"[{""activity"": ""walking"", ""count_estimate"": ""multiple"", ""confidence"": 0.95}]","{
  ""image_analysis_per_image"": [
    {
      ""image_summary"": ""Chinese archway"",
      ""visible_species_in_image"": [],
      ""landscape_elements"": [
        ""mountains"",
        ""sky"",
        ""staircase""
      ],
      ""human_activities_in_image"": [
        ""walking"",
        ""standing""
      ],
      ""plants_detected"": [],
      ""animals_detected"": [],
      ""human_activities_detected"": [
        {
          ""activity"": ""walking"",
          ""count_estimate"": ""multiple"",
          ""confidence"": 0.95
        }
      ]
    }
  ]
}",True,
245,1天津市蓟州区盘山_288709_6.jpg,mountain landscape,Pinus,mountains; sky; hills,[],Pinus,[],[],"[{""scientific_name"": ""Pinus"", ""count_estimate"": ""multiple"", ""confidence"": 0.85}]",[],[],"{
  ""image_analysis_per_image"": [
    {
      ""image_summary"": ""mountain landscape"",
      ""visible_species_in_image"": [
        ""Pinus""
      ],
      ""landscape_elements"": [
        ""mountains"",
        ""sky"",
        ""hills""
      ],
      ""human_activities_in_image"": [],
      ""plants_detected"": [
        {
          ""scientific_name"": ""Pinus"",
          ""count_estimate"": ""multiple"",
          ""confidence"": 0.85
        }
      ],
      ""animals_detected"": [],
      ""human_activities_detected"": []
    }
  ]
}",True,
246,1天津市蓟州区盘山_320459_1.jpg,Autumn mountain landscape,[],mountains; forest; sky,[],[],[],[],[],[],[],"{
  ""image_analysis_per_image"": [
    {
      ""image_summary"": ""Autumn mountain landscape"",
      ""visible_species_in_image"": [],
      ""landscape_elements"": [
        ""mountains"",
        ""forest"",
        ""sky""
      ],
      ""human_activities_in_image"": []
    }
  ]
}",True,
247,1天津市蓟州区盘山_320459_2.jpg,rocky mountain peak,Pinus,rocky cliff; mountain; sky; pathway,walking,Pinus,[],walking,"[{""scientific_name"": ""Pinus"", ""count_estimate"": ""multiple"", ""confidence"": 0.85}]",[],"[{""activity"": ""walking"", ""count_estimate"": ""2"", ""confidence"": 0.95}]","{
  ""image_analysis_per_image"": [
    {
      ""image_summary"": ""rocky mountain peak"",
      ""visible_species_in_image"": [
        ""Pinus""
      ],
      ""landscape_elements"": [
        ""rocky cliff"",
        ""mountain"",
        ""sky"",
        ""pathway""
      ],
      ""human_activities_in_image"": [
        ""walking""
      ],
      ""plants_detected"": [
        {
          ""scientific_name"": ""Pinus"",
          ""count_estimate"": ""multiple"",
          ""confidence"": 0.85
        }
      ],
      ""animals_detected"": [],
      ""human_activities_detected"": [
        {
          ""activity"": ""walking"",
          ""count_estimate"": ""2"",
          ""confidence"": 0.95
        }
      ]
    }
  ]
}",True,
248,1天津市蓟州区盘山_320459_3.jpg,tourists at waterfall,[],rock cliff; waterfall; trees,viewing waterfall; standing,[],[],viewing waterfall,[],[],"[{""activity"": ""viewing waterfall"", ""count_estimate"": ""4"", ""confidence"": 0.95}]","{
  ""image_analysis_per_image"": [
    {
      ""image_summary"": ""tourists at waterfall"",
      ""visible_species_in_image"": [],
      ""landscape_elements"": [
        ""rock cliff"",
        ""waterfall"",
        ""trees""
      ],
      ""human_activities_in_image"": [
        ""viewing waterfall"",
        ""standing""
      ],
      ""plants_detected"": [],
      ""animals_detected"": [],
      ""human_activities_detected"": [
        {
          ""activity"": ""viewing waterfall"",
          ""count_estimate"": ""4"",
          ""confidence"": 0.95
        }
      ]
    }
  ]
}",True,
249,1天津市蓟州区盘山_320459_4.jpg,ornate Chinese gate,[],mountains; sky,standing; walking,[],[],standing,[],[],"[{""activity"": ""standing"", ""count_estimate"": ""multiple"", ""confidence"": 0.95}]","{
  ""image_analysis_per_image"": [
    {
      ""image_summary"": ""ornate Chinese gate"",
      ""visible_species_in_image"": [],
      ""landscape_elements"": [
        ""mountains"",
        ""sky""
      ],
      ""human_activities_in_image"": [
        ""standing"",
        ""walking""
      ],
      ""plants_detected"": [],
      ""animals_detected"": [],
      ""human_activities_detected"": [
        {
          ""activity"": ""standing"",
          ""count_estimate"": ""multiple"",
          ""confidence"": 0.95
        }
      ]
    }
  ]
}",True,
250,1天津市蓟州区盘山_320510_1.jpg,scenic mountain view,unknown vine; tree,mountain; sky; trees; concrete ledge,[],unknown vine; tree,[],[],"[{""scientific_name"": ""unknown vine"", ""count_estimate"": ""multiple"", ""confidence"": 0.5}, {""scientific_name"": ""tree"", ""count_estimate"": ""several"", ""confidence"": 0.8}]",[],[],"{
  ""image_analysis_per_image"": [
    {
      ""image_summary"": ""scenic mountain view"",
      ""visible_species_in_image"": [
        ""unknown vine"",
        ""tree""
      ],
      ""landscape_elements"": [
        ""mountain"",
        ""sky"",
        ""trees"",
        ""concrete ledge""
      ],
      ""human_activities_in_image"": [],
      ""plants_detected"": [
        {
          ""scientific_name"": ""unknown vine"",
          ""count_estimate"": ""multiple"",
          ""confidence"": 0.5
        },
        {
          ""scientific_name"": ""tree"",
          ""count_estimate"": ""several"",
          ""confidence"": 0.8
        }
      ],
      ""animals_detected"": [],
      ""human_activities_detected"": []
    }
  ]
}",True,
251,1天津市蓟州区盘山_320510_2.jpg,Crowded temple scene,[],mountain; trees; temple building; sky,walking; standing; looking around,[],[],visiting temple,[],[],"[{""activity"": ""visiting temple"", ""count_estimate"": ""multiple"", ""confidence"": 0.95}]","{
  ""image_analysis_per_image"": [
    {
      ""image_summary"": ""Crowded temple scene"",
      ""visible_species_in_image"": [],
      ""landscape_elements"": [
        ""mountain"",
        ""trees"",
        ""temple building"",
        ""sky""
      ],
      ""human_activities_in_image"": [
        ""walking"",
        ""standing"",
        ""looking around""
      ],
      ""plants_detected"": [],
      ""animals_detected"": [],
      ""human_activities_detected"": [
        {
          ""activity"": ""visiting temple"",
          ""count_estimate"": ""multiple"",
          ""confidence"": 0.95
        }
      ]
    }
  ]
}",True,
252,1天津市蓟州区盘山_320510_3.jpg,Mountain map sign,[],map; signboard,[],[],[],[],[],[],[],"{
  ""image_analysis_per_image"": [
    {
      ""image_summary"": ""Mountain map sign"",
      ""visible_species_in_image"": [],
      ""landscape_elements"": [
        ""map"",
        ""signboard""
      ],
      ""human_activities_in_image"": []
    }
  ]
}",True,
253,1天津市蓟州区盘山_320510_4.jpg,Crowd at temple entrance,[],temple; trees; paved path,queuing; standing; waiting,[],[],queuing,[],[],"[{""activity"": ""queuing"", ""count_estimate"": ""multiple"", ""confidence"": 0.95}]","{
  ""image_analysis_per_image"": [
    {
      ""image_summary"": ""Crowd at temple entrance"",
      ""visible_species_in_image"": [],
      ""landscape_elements"": [
        ""temple"",
        ""trees"",
        ""paved path""
      ],
      ""human_activities_in_image"": [
        ""queuing"",
        ""standing"",
        ""waiting""
      ],
      ""plants_detected"": [],
      ""animals_detected"": [],
      ""human_activities_detected"": [
        {
          ""activity"": ""queuing"",
          ""count_estimate"": ""multiple"",
          ""confidence"": 0.95
        }
      ]
    }
  ]
}",True,
254,1天津市蓟州区盘山_320510_5.jpg,temple and mountain,[],mountains; sky; trees; paved path,walking; standing,[],[],walking,[],[],"[{""activity"": ""walking"", ""count_estimate"": ""multiple"", ""confidence"": 0.95}]","{
  ""image_analysis_per_image"": [
    {
      ""image_summary"": ""temple and mountain"",
      ""visible_species_in_image"": [],
      ""landscape_elements"": [
        ""mountains"",
        ""sky"",
        ""trees"",
        ""paved path""
      ],
      ""human_activities_in_image"": [
        ""walking"",
        ""standing""
      ],
      ""plants_detected"": [],
      ""animals_detected"": [],
      ""human_activities_detected"": [
        {
          ""activity"": ""walking"",
          ""count_estimate"": ""multiple"",
          ""confidence"": 0.95
        }
      ]
    }
  ]
}",True,
255,1天津市蓟州区盘山_320510_6.jpg,traditional gate,[],stone steps; mountains; sky,walking; climbing stairs,unknown,[],walking,"[{""scientific_name"": ""unknown"", ""count_estimate"": ""many"", ""confidence"": 0.65}]",[],"[{""activity"": ""walking"", ""count_estimate"": ""multiple"", ""confidence"": 0.98}]","{
  ""image_analysis_per_image"": [
    {
      ""image_summary"": ""traditional gate"",
      ""visible_species_in_image"": [],
      ""landscape_elements"": [
        ""stone steps"",
        ""mountains"",
        ""sky""
      ],
      ""human_activities_in_image"": [
        ""walking"",
        ""climbing stairs""
      ],
      ""plants_detected"": [
        {
          ""scientific_name"": ""unknown"",
          ""count_estimate"": ""many"",
          ""confidence"": 0.65
        }
      ],
      ""animals_detected"": [],
      ""human_activities_detected"": [
        {
          ""activity"": ""walking"",
          ""count_estimate"": ""multiple"",
          ""confidence"": 0.98
        }
      ]
    }
  ]
}",True,
256,1天津市蓟州区盘山_320804_1.jpg,informational signboard,[],signboard; wooden frame,[],[],[],[],[],[],[],"{
  ""image_analysis_per_image"": [
    {
      ""image_summary"": ""informational signboard"",
      ""visible_species_in_image"": [],
      ""landscape_elements"": [
        ""signboard"",
        ""wooden frame""
      ],
      ""human_activities_in_image"": [],
      ""plants_detected"": [],
      ""animals_detected"": [],
      ""human_activities_detected"": []
    }
  ]
}",True,
257,1天津市蓟州区盘山_320804_2.jpg,stone monument in park,Betula platyphylla,rock; path; trees; sky,[],Betula platyphylla,[],[],"[{""scientific_name"": ""Betula platyphylla"", ""count_estimate"": ""1"", ""confidence"": 0.92}]",[],[],"{
  ""image_analysis_per_image"": [
    {
      ""image_summary"": ""stone monument in park"",
      ""visible_species_in_image"": [
        ""Betula platyphylla""
      ],
      ""landscape_elements"": [
        ""rock"",
        ""path"",
        ""trees"",
        ""sky""
      ],
      ""human_activities_in_image"": [],
      ""plants_detected"": [
        {
          ""scientific_name"": ""Betula platyphylla"",
          ""count_estimate"": ""1"",
          ""confidence"": 0.92
        }
      ],
      ""animals_detected"": [],
      ""human_activities_detected"": []
    }
  ]
}",True,
258,1天津市蓟州区盘山_320804_3.jpg,Stairs leading to temple,[],stone stairs; trees; sky; mountains,walking; climbing stairs,unknown,[],walking,"[{""scientific_name"": ""unknown"", ""count_estimate"": ""multiple"", ""confidence"": 0.85}]",[],"[{""activity"": ""walking"", ""count_estimate"": ""multiple"", ""confidence"": 0.92}]","{
  ""image_analysis_per_image"": [
    {
      ""image_summary"": ""Stairs leading to temple"",
      ""visible_species_in_image"": [],
      ""landscape_elements"": [
        ""stone stairs"",
        ""trees"",
        ""sky"",
        ""mountains""
      ],
      ""human_activities_in_image"": [
        ""walking"",
        ""climbing stairs""
      ],
      ""plants_detected"": [
        {
          ""scientific_name"": ""unknown"",
          ""count_estimate"": ""multiple"",
          ""confidence"": 0.85
        }
      ],
      ""animals_detected"": [],
      ""human_activities_detected"": [
        {
          ""activity"": ""walking"",
          ""count_estimate"": ""multiple"",
          ""confidence"": 0.92
        }
      ]
    }
  ]
}",True,
259,1天津市蓟州区盘山_320804_4.jpg,temple with pagoda,[],hills; trees; sky; paved path; stone walls,walking,unknown,[],walking,"[{""scientific_name"": ""unknown"", ""count_estimate"": ""multiple"", ""confidence"": 0.5}]",[],"[{""activity"": ""walking"", ""count_estimate"": ""1"", ""confidence"": 0.9}]","{
  ""image_analysis_per_image"": [
    {
      ""image_summary"": ""temple with pagoda"",
      ""visible_species_in_image"": [],
      ""landscape_elements"": [
        ""hills"",
        ""trees"",
        ""sky"",
        ""paved path"",
        ""stone walls""
      ],
      ""human_activities_in_image"": [
        ""walking""
      ],
      ""plants_detected"": [
        {
          ""scientific_name"": ""unknown"",
          ""count_estimate"": ""multiple"",
          ""confidence"": 0.5
        }
      ],
      ""animals_detected"": [],
      ""human_activities_detected"": [
        {
          ""activity"": ""walking"",
          ""count_estimate"": ""1"",
          ""confidence"": 0.9
        }
      ]
    }
  ]
}",True,
260,1天津市蓟州区盘山_320804_5.jpg,Mountain temple,[],mountains; trees; roof,[],[],[],[],[],[],[],"{
  ""image_analysis_per_image"": [
    {
      ""image_summary"": ""Mountain temple"",
      ""visible_species_in_image"": [],
      ""landscape_elements"": [
        ""mountains"",
        ""trees"",
        ""roof""
      ],
      ""human_activities_in_image"": []
    }
  ]
}",True,
261,1天津市蓟州区盘山_320804_6.jpg,Signboard on mountain path,[],mountain rocks; stone steps; forest foliage; signpost,[],unknown,[],[],"[{""scientific_name"": ""unknown"", ""count_estimate"": ""many"", ""confidence"": 0.75}]",[],[],"{
  ""image_analysis_per_image"": [
    {
      ""image_summary"": ""Signboard on mountain path"",
      ""visible_species_in_image"": [],
      ""landscape_elements"": [
        ""mountain rocks"",
        ""stone steps"",
        ""forest foliage"",
        ""signpost""
      ],
      ""human_activities_in_image"": [],
      ""plants_detected"": [
        {
          ""scientific_name"": ""unknown"",
          ""count_estimate"": ""many"",
          ""confidence"": 0.75
        }
      ],
      ""animals_detected"": [],
      ""human_activities_detected"": []
    }
  ]
}",True,
262,1天津市蓟州区盘山_35159_2.jpg,Temple on mountain,[],mountains; sky; wall; paved area,[],[],[],[],[],[],[],"{
  ""image_analysis_per_image"": [
    {
      ""image_summary"": ""Temple on mountain"",
      ""visible_species_in_image"": [],
      ""landscape_elements"": [
        ""mountains"",
        ""sky"",
        ""wall"",
        ""paved area""
      ],
      ""human_activities_in_image"": [],
      ""plants_detected"": [],
      ""animals_detected"": [],
      ""human_activities_detected"": []
    }
  ]
}",True,
263,1天津市蓟州区盘山_520阿峰666_1.jpg,stone relief sculpture,[],sky; trees; rock,[],[],[],[],[],[],[],"{
  ""image_analysis_per_image"": [
    {
      ""image_summary"": ""stone relief sculpture"",
      ""visible_species_in_image"": [],
      ""landscape_elements"": [
        ""sky"",
        ""trees"",
        ""rock""
      ],
      ""human_activities_in_image"": [],
      ""plants_detected"": [],
      ""animals_detected"": [],
      ""human_activities_detected"": []
    }
  ]
}",True,
264,1天津市蓟州区盘山_520阿峰666_2.jpg,Temple entrance,[],sky; steps; trees,[],[],[],[],[],[],[],"{
  ""image_analysis_per_image"": [
    {
      ""image_summary"": ""Temple entrance"",
      ""visible_species_in_image"": [],
      ""landscape_elements"": [
        ""sky"",
        ""steps"",
        ""trees""
      ],
      ""human_activities_in_image"": [],
      ""plants_detected"": [],
      ""animals_detected"": [],
      ""human_activities_detected"": []
    }
  ]
}",True,
265,1天津市蓟州区盘山_520阿峰666_3.jpg,temple incense burner,Pinus species,stone steps; paved path; sky; building,standing; visiting,Pinus species,[],standing,"[{""scientific_name"": ""Pinus species"", ""count_estimate"": ""1"", ""confidence"": 0.85}]",[],"[{""activity"": ""standing"", ""count_estimate"": ""2"", ""confidence"": 0.95}]","{
  ""image_analysis_per_image"": [
    {
      ""image_summary"": ""temple incense burner"",
      ""visible_species_in_image"": [
        ""Pinus species""
      ],
      ""landscape_elements"": [
        ""stone steps"",
        ""paved path"",
        ""sky"",
        ""building""
      ],
      ""human_activities_in_image"": [
        ""standing"",
        ""visiting""
      ],
      ""plants_detected"": [
        {
          ""scientific_name"": ""Pinus species"",
          ""count_estimate"": ""1"",
          ""confidence"": 0.85
        }
      ],
      ""animals_detected"": [],
      ""human_activities_detected"": [
        {
          ""activity"": ""standing"",
          ""count_estimate"": ""2"",
          ""confidence"": 0.95
        }
      ]
    }
  ]
}",True,
266,1天津市蓟州区盘山_520阿峰666_4.jpg,Temple complex in mountains,[],mountain; temple; pagoda; sky,walking; visiting,unknown,[],walking; visiting,"[{""scientific_name"": ""unknown"", ""count_estimate"": ""multiple"", ""confidence"": 0.65}]",[],"[{""activity"": ""walking"", ""count_estimate"": ""2"", ""confidence"": 0.85}, {""activity"": ""visiting"", ""count_estimate"": ""2"", ""confidence"": 0.85}]","{
  ""image_analysis_per_image"": [
    {
      ""image_summary"": ""Temple complex in mountains"",
      ""visible_species_in_image"": [],
      ""landscape_elements"": [
        ""mountain"",
        ""temple"",
        ""pagoda"",
        ""sky""
      ],
      ""human_activities_in_image"": [
        ""walking"",
        ""visiting""
      ],
      ""plants_detected"": [
        {
          ""scientific_name"": ""unknown"",
          ""count_estimate"": ""multiple"",
          ""confidence"": 0.65
        }
      ],
      ""animals_detected"": [],
      ""human_activities_detected"": [
        {
          ""activity"": ""walking"",
          ""count_estimate"": ""2"",
          ""confidence"": 0.85
        },
        {
          ""activity"": ""visiting"",
          ""count_estimate"": ""2"",
          ""confidence"": 0.85
        }
      ]
    }
  ]
}",True,
267,1天津市蓟州区盘山_520阿峰666_5.jpg,Temple entrance,[],stairs; temple; sky,walking; standing,[],[],walking; standing,[],[],"[{""activity"": ""walking"", ""count_estimate"": ""2"", ""confidence"": 0.95}, {""activity"": ""standing"", ""count_estimate"": ""1"", ""confidence"": 0.98}]","{
  ""image_analysis_per_image"": [
    {
      ""image_summary"": ""Temple entrance"",
      ""visible_species_in_image"": [],
      ""landscape_elements"": [
        ""stairs"",
        ""temple"",
        ""sky""
      ],
      ""human_activities_in_image"": [
        ""walking"",
        ""standing""
      ],
      ""plants_detected"": [],
      ""animals_detected"": [],
      ""human_activities_detected"": [
        {
          ""activity"": ""walking"",
          ""count_estimate"": ""2"",
          ""confidence"": 0.95
        },
        {
          ""activity"": ""standing"",
          ""count_estimate"": ""1"",
          ""confidence"": 0.98
        }
      ]
    }
  ]
}",True,
268,1天津市蓟州区盘山_520阿峰666_6.jpg,crowds at mountain shrine,[],mountains; sky; paved plaza,walking; standing; visiting,[],[],walking,[],[],"[{""activity"": ""walking"", ""count_estimate"": ""multiple"", ""confidence"": 0.95}]","{
  ""image_analysis_per_image"": [
    {
      ""image_summary"": ""crowds at mountain shrine"",
      ""visible_species_in_image"": [],
      ""landscape_elements"": [
        ""mountains"",
        ""sky"",
        ""paved plaza""
      ],
      ""human_activities_in_image"": [
        ""walking"",
        ""standing"",
        ""visiting""
      ],
      ""plants_detected"": [],
      ""animals_detected"": [],
      ""human_activities_detected"": [
        {
          ""activity"": ""walking"",
          ""count_estimate"": ""multiple"",
          ""confidence"": 0.95
        }
      ]
    }
  ]
}",True,
269,1天津市蓟州区盘山_520阿峰666_7.jpg,Traditional building facade,[],sky; stairs; building,person standing,[],[],standing,[],[],"[{""activity"": ""standing"", ""count_estimate"": ""1"", ""confidence"": 0.85}]","{
  ""image_analysis_per_image"": [
    {
      ""image_summary"": ""Traditional building facade"",
      ""visible_species_in_image"": [],
      ""landscape_elements"": [
        ""sky"",
        ""stairs"",
        ""building""
      ],
      ""human_activities_in_image"": [
        ""person standing""
      ],
      ""plants_detected"": [],
      ""animals_detected"": [],
      ""human_activities_detected"": [
        {
          ""activity"": ""standing"",
          ""count_estimate"": ""1"",
          ""confidence"": 0.85
        }
      ]
    }
  ]
}",True,
270,1天津市蓟州区盘山_60928_1.jpg,mountain terrace view,[],mountains; trees; terrace; sky,sitting; relaxing,[],[],sitting,[],[],"[{""activity"": ""sitting"", ""count_estimate"": ""1"", ""confidence"": 0.85}]","{
  ""image_analysis_per_image"": [
    {
      ""image_summary"": ""mountain terrace view"",
      ""visible_species_in_image"": [],
      ""landscape_elements"": [
        ""mountains"",
        ""trees"",
        ""terrace"",
        ""sky""
      ],
      ""human_activities_in_image"": [
        ""sitting"",
        ""relaxing""
      ],
      ""plants_detected"": [],
      ""animals_detected"": [],
      ""human_activities_detected"": [
        {
          ""activity"": ""sitting"",
          ""count_estimate"": ""1"",
          ""confidence"": 0.85
        }
      ]
    }
  ]
}",True,
271,1天津市蓟州区盘山_60928_2.jpg,Waterfall scene,[],waterfall; rocky cliff; trees; sky,viewing waterfall; taking photos,unknown,[],viewing waterfall; taking photos,"[{""scientific_name"": ""unknown"", ""count_estimate"": ""multiple"", ""confidence"": 0.85}]",[],"[{""activity"": ""viewing waterfall"", ""count_estimate"": ""4"", ""confidence"": 0.95}, {""activity"": ""taking photos"", ""count_estimate"": ""1"", ""confidence"": 0.9}]","{
  ""image_analysis_per_image"": [
    {
      ""image_summary"": ""Waterfall scene"",
      ""visible_species_in_image"": [],
      ""landscape_elements"": [
        ""waterfall"",
        ""rocky cliff"",
        ""trees"",
        ""sky""
      ],
      ""human_activities_in_image"": [
        ""viewing waterfall"",
        ""taking photos""
      ],
      ""plants_detected"": [
        {
          ""scientific_name"": ""unknown"",
          ""count_estimate"": ""multiple"",
          ""confidence"": 0.85
        }
      ],
      ""animals_detected"": [],
      ""human_activities_detected"": [
        {
          ""activity"": ""viewing waterfall"",
          ""count_estimate"": ""4"",
          ""confidence"": 0.95
        },
        {
          ""activity"": ""taking photos"",
          ""count_estimate"": ""1"",
          ""confidence"": 0.90
        }
      ]
    }
  ]
}",True,
272,1天津市蓟州区盘山_631244_1.jpg,crowded traditional gate,[],paved path; hedge; mountains; sky,walking; standing; visiting,unknown,[],walking,"[{""scientific_name"": ""unknown"", ""count_estimate"": ""many"", ""confidence"": 0.85}]",[],"[{""activity"": ""walking"", ""count_estimate"": ""many"", ""confidence"": 0.95}]","{
  ""image_analysis_per_image"": [
    {
      ""image_summary"": ""crowded traditional gate"",
      ""visible_species_in_image"": [],
      ""landscape_elements"": [
        ""paved path"",
        ""hedge"",
        ""mountains"",
        ""sky""
      ],
      ""human_activities_in_image"": [
        ""walking"",
        ""standing"",
        ""visiting""
      ],
      ""plants_detected"": [
        {
          ""scientific_name"": ""unknown"",
          ""count_estimate"": ""many"",
          ""confidence"": 0.85
        }
      ],
      ""animals_detected"": [],
      ""human_activities_detected"": [
        {
          ""activity"": ""walking"",
          ""count_estimate"": ""many"",
          ""confidence"": 0.95
        }
      ]
    }
  ]
}",True,
273,1天津市蓟州区盘山_631244_2.jpg,Traditional architecture with mountains,[],mountains; rocks; buildings,visiting; standing,[],[],visiting,[],[],"[{""activity"": ""visiting"", ""count_estimate"": ""multiple"", ""confidence"": 0.85}]","{
  ""image_analysis_per_image"": [
    {
      ""image_summary"": ""Traditional architecture with mountains"",
      ""visible_species_in_image"": [],
      ""landscape_elements"": [
        ""mountains"",
        ""rocks"",
        ""buildings""
      ],
      ""human_activities_in_image"": [
        ""visiting"",
        ""standing""
      ],
      ""plants_detected"": [],
      ""animals_detected"": [],
      ""human_activities_detected"": [
        {
          ""activity"": ""visiting"",
          ""count_estimate"": ""multiple"",
          ""confidence"": 0.85
        }
      ]
    }
  ]
}",True,
274,1天津市蓟州区盘山_631444_1.jpg,Tourists at a scenic site,[],mountains; sky; paved plaza; water feature,walking; standing; visiting,[],[],walking; standing,[],[],"[{""activity"": ""walking"", ""count_estimate"": ""multiple"", ""confidence"": 0.95}, {""activity"": ""standing"", ""count_estimate"": ""multiple"", ""confidence"": 0.95}]","{
  ""image_analysis_per_image"": [
    {
      ""image_summary"": ""Tourists at a scenic site"",
      ""visible_species_in_image"": [],
      ""landscape_elements"": [
        ""mountains"",
        ""sky"",
        ""paved plaza"",
        ""water feature""
      ],
      ""human_activities_in_image"": [
        ""walking"",
        ""standing"",
        ""visiting""
      ],
      ""plants_detected"": [],
      ""animals_detected"": [],
      ""human_activities_detected"": [
        {
          ""activity"": ""walking"",
          ""count_estimate"": ""multiple"",
          ""confidence"": 0.95
        },
        {
          ""activity"": ""standing"",
          ""count_estimate"": ""multiple"",
          ""confidence"": 0.95
        }
      ]
    }
  ]
}",True,
275,1天津市蓟州区盘山_631753_1.jpg,Forest signpost,[],forest; rocks; trees,[],unknown,[],[],"[{""scientific_name"": ""unknown"", ""count_estimate"": ""multiple"", ""confidence"": 0.75}]",[],[],"{
  ""image_analysis_per_image"": [
    {
      ""image_summary"": ""Forest signpost"",
      ""visible_species_in_image"": [],
      ""landscape_elements"": [
        ""forest"",
        ""rocks"",
        ""trees""
      ],
      ""human_activities_in_image"": [],
      ""plants_detected"": [
        {
          ""scientific_name"": ""unknown"",
          ""count_estimate"": ""multiple"",
          ""confidence"": 0.75
        }
      ],
      ""animals_detected"": [],
      ""human_activities_detected"": []
    }
  ]
}",True,
276,1天津市蓟州区盘山_631753_2.jpg,signage and stone steps,[],stone wall; stone stairs; trees,[],unknown,[],[],"[{""scientific_name"": ""unknown"", ""count_estimate"": ""1"", ""confidence"": 0.5}]",[],[],"{
  ""image_analysis_per_image"": [
    {
      ""image_summary"": ""signage and stone steps"",
      ""visible_species_in_image"": [],
      ""landscape_elements"": [
        ""stone wall"",
        ""stone stairs"",
        ""trees""
      ],
      ""human_activities_in_image"": [],
      ""plants_detected"": [
        {
          ""scientific_name"": ""unknown"",
          ""count_estimate"": ""1"",
          ""confidence"": 0.5
        }
      ],
      ""animals_detected"": [],
      ""human_activities_detected"": []
    }
  ]
}",True,
277,1天津市蓟州区盘山_631753_3.jpg,Cable cars on mountain,[],mountains; forest; sky; cable lines,[],[],[],[],[],[],[],"{
  ""image_analysis_per_image"": [
    {
      ""image_summary"": ""Cable cars on mountain"",
      ""visible_species_in_image"": [],
      ""landscape_elements"": [
        ""mountains"",
        ""forest"",
        ""sky"",
        ""cable lines""
      ],
      ""human_activities_in_image"": [],
      ""plants_detected"": [],
      ""animals_detected"": [],
      ""human_activities_detected"": []
    }
  ]
}",True,
278,1天津市蓟州区盘山_631753_4.jpg,Forest stone path,[],stone steps; forest; large rocks; trees,walking; hiking,[],[],walking,[],[],"[{""activity"": ""walking"", ""count_estimate"": ""3"", ""confidence"": 0.95}]","{
  ""image_analysis_per_image"": [
    {
      ""image_summary"": ""Forest stone path"",
      ""visible_species_in_image"": [],
      ""landscape_elements"": [
        ""stone steps"",
        ""forest"",
        ""large rocks"",
        ""trees""
      ],
      ""human_activities_in_image"": [
        ""walking"",
        ""hiking""
      ],
      ""plants_detected"": [],
      ""animals_detected"": [],
      ""human_activities_detected"": [
        {
          ""activity"": ""walking"",
          ""count_estimate"": ""3"",
          ""confidence"": 0.95
        }
      ]
    }
  ]
}",True,
279,1天津市蓟州区盘山_631859_1.jpg,flower bouquet,Lilium longiflorum; Rosa,table; wall,[],Lilium longiflorum; Rosa,[],[],"[{""scientific_name"": ""Lilium longiflorum"", ""count_estimate"": ""1"", ""confidence"": 0.85}, {""scientific_name"": ""Rosa"", ""count_estimate"": ""7"", ""confidence"": 0.92}]",[],[],"{
  ""image_analysis_per_image"": [
    {
      ""image_summary"": ""flower bouquet"",
      ""visible_species_in_image"": [
        ""Lilium longiflorum"",
        ""Rosa""
      ],
      ""landscape_elements"": [
        ""table"",
        ""wall""
      ],
      ""human_activities_in_image"": [],
      ""plants_detected"": [
        {
          ""scientific_name"": ""Lilium longiflorum"",
          ""count_estimate"": ""1"",
          ""confidence"": 0.85
        },
        {
          ""scientific_name"": ""Rosa"",
          ""count_estimate"": ""7"",
          ""confidence"": 0.92
        }
      ],
      ""animals_detected"": [],
      ""human_activities_detected"": []
    }
  ]
}",True,
280,1天津市蓟州区盘山_631874_1.jpg,Mountain landscape,[],mountains; sky; trees; stairs,sitting,[],[],sitting,[],[],"[{""activity"": ""sitting"", ""count_estimate"": ""1"", ""confidence"": 0.85}]","{
  ""image_analysis_per_image"": [
    {
      ""image_summary"": ""Mountain landscape"",
      ""visible_species_in_image"": [],
      ""landscape_elements"": [
        ""mountains"",
        ""sky"",
        ""trees"",
        ""stairs""
      ],
      ""human_activities_in_image"": [
        ""sitting""
      ],
      ""plants_detected"": [],
      ""animals_detected"": [],
      ""human_activities_detected"": [
        {
          ""activity"": ""sitting"",
          ""count_estimate"": ""1"",
          ""confidence"": 0.85
        }
      ]
    }
  ]
}",True,
281,1天津市蓟州区盘山_631874_2.jpg,mountain garden stairs,Quercus spp.; Pinus spp.,mountains; stairs; trees; sky,[],Quercus spp.; Pinus spp.,[],[],"[{""scientific_name"": ""Quercus spp."", ""count_estimate"": ""multiple"", ""confidence"": 0.75}, {""scientific_name"": ""Pinus spp."", ""count_estimate"": ""multiple"", ""confidence"": 0.8}]",[],[],"{
  ""image_analysis_per_image"": [
    {
      ""image_summary"": ""mountain garden stairs"",
      ""visible_species_in_image"": [
        ""Quercus spp."",
        ""Pinus spp.""
      ],
      ""landscape_elements"": [
        ""mountains"",
        ""stairs"",
        ""trees"",
        ""sky""
      ],
      ""human_activities_in_image"": [],
      ""plants_detected"": [
        {
          ""scientific_name"": ""Quercus spp."",
          ""count_estimate"": ""multiple"",
          ""confidence"": 0.75
        },
        {
          ""scientific_name"": ""Pinus spp."",
          ""count_estimate"": ""multiple"",
          ""confidence"": 0.8
        }
      ],
      ""animals_detected"": [],
      ""human_activities_detected"": []
    }
  ]
}",True,
282,1天津市蓟州区盘山_639519_1.jpg,City at dusk,[],mountains; sky; buildings; road,driving; walking,[],[],[],[],[],[],"{
  ""image_analysis_per_image"": [
    {
      ""image_summary"": ""City at dusk"",
      ""visible_species_in_image"": [],
      ""landscape_elements"": [
        ""mountains"",
        ""sky"",
        ""buildings"",
        ""road""
      ],
      ""human_activities_in_image"": [
        ""driving"",
        ""walking""
      ],
      ""plants_detected"": [],
      ""animals_detected"": [],
      ""human_activities_detected"": []
    }
  ]
}",True,
283,1天津市蓟州区盘山_66龙行天下66_1.jpg,stone monument stairs,[],stairs; sky; trees; mountain,[],[],[],[],[],[],[],"{
  ""image_analysis_per_image"": [
    {
      ""image_summary"": ""stone monument stairs"",
      ""visible_species_in_image"": [],
      ""landscape_elements"": [
        ""stairs"",
        ""sky"",
        ""trees"",
        ""mountain""
      ],
      ""human_activities_in_image"": [],
      ""plants_detected"": [],
      ""animals_detected"": [],
      ""human_activities_detected"": []
    }
  ]
}",True,
284,1天津市蓟州区盘山_66龙行天下66_2.jpg,tourist map sign,[],mountains; sky; signboard,[],[],[],[],[],[],[],"{
  ""image_analysis_per_image"": [
    {
      ""image_summary"": ""tourist map sign"",
      ""visible_species_in_image"": [],
      ""landscape_elements"": [
        ""mountains"",
        ""sky"",
        ""signboard""
      ],
      ""human_activities_in_image"": [],
      ""plants_detected"": [],
      ""animals_detected"": [],
      ""human_activities_detected"": []
    }
  ]
}",True,
285,1天津市蓟州区盘山_66龙行天下66_3.jpg,Grand traditional gate,[],mountains; sky; steps,walking; standing,[],[],walking,[],[],"[{""activity"": ""walking"", ""count_estimate"": ""multiple"", ""confidence"": 0.95}]","{
  ""image_analysis_per_image"": [
    {
      ""image_summary"": ""Grand traditional gate"",
      ""visible_species_in_image"": [],
      ""landscape_elements"": [
        ""mountains"",
        ""sky"",
        ""steps""
      ],
      ""human_activities_in_image"": [
        ""walking"",
        ""standing""
      ],
      ""plants_detected"": [],
      ""animals_detected"": [],
      ""human_activities_detected"": [
        {
          ""activity"": ""walking"",
          ""count_estimate"": ""multiple"",
          ""confidence"": 0.95
        }
      ]
    }
  ]
}",True,
286,1天津市蓟州区盘山_66龙行天下66_4.jpg,scenic map display,[],map; signboard,[],[],[],[],[],[],[],"{
  ""image_analysis_per_image"": [
    {
      ""image_summary"": ""scenic map display"",
      ""visible_species_in_image"": [],
      ""landscape_elements"": [
        ""map"",
        ""signboard""
      ],
      ""human_activities_in_image"": [],
      ""plants_detected"": [],
      ""animals_detected"": [],
      ""human_activities_detected"": []
    }
  ]
}",True,
287,1天津市蓟州区盘山_66龙行天下66_5.jpg,Stairs with people,Pinus,stairs; sky; trees; mountains; fence,walking; ascending stairs,Pinus,[],walking,"[{""scientific_name"": ""Pinus"", ""count_estimate"": ""multiple"", ""confidence"": 0.85}]",[],"[{""activity"": ""walking"", ""count_estimate"": ""multiple"", ""confidence"": 0.95}]","{
  ""image_analysis_per_image"": [
    {
      ""image_summary"": ""Stairs with people"",
      ""visible_species_in_image"": [
        ""Pinus""
      ],
      ""landscape_elements"": [
        ""stairs"",
        ""sky"",
        ""trees"",
        ""mountains"",
        ""fence""
      ],
      ""human_activities_in_image"": [
        ""walking"",
        ""ascending stairs""
      ],
      ""plants_detected"": [
        {
          ""scientific_name"": ""Pinus"",
          ""count_estimate"": ""multiple"",
          ""confidence"": 0.85
        }
      ],
      ""animals_detected"": [],
      ""human_activities_detected"": [
        {
          ""activity"": ""walking"",
          ""count_estimate"": ""multiple"",
          ""confidence"": 0.95
        }
      ]
    }
  ]
}",True,
288,1天津市蓟州区盘山_66龙行天下66_6.jpg,large stone monument,[],mountains; trees; sky; paved path,walking,[],[],walking,[],[],"[{""activity"": ""walking"", ""count_estimate"": ""multiple"", ""confidence"": 0.85}]","{
  ""image_analysis_per_image"": [
    {
      ""image_summary"": ""large stone monument"",
      ""visible_species_in_image"": [],
      ""landscape_elements"": [
        ""mountains"",
        ""trees"",
        ""sky"",
        ""paved path""
      ],
      ""human_activities_in_image"": [
        ""walking""
      ],
      ""plants_detected"": [],
      ""animals_detected"": [],
      ""human_activities_detected"": [
        {
          ""activity"": ""walking"",
          ""count_estimate"": ""multiple"",
          ""confidence"": 0.85
        }
      ]
    }
  ]
}",True,
289,1天津市蓟州区盘山_66龙行天下66_7.jpg,Frozen rock with ice formations,Pinus,rock; ice formation; trees; sky,[],Pinus sp.,[],[],"[{""scientific_name"": ""Pinus sp."", ""count_estimate"": ""1"", ""confidence"": 0.85}]",[],[],"{
  ""image_analysis_per_image"": [
    {
      ""image_summary"": ""Frozen rock with ice formations"",
      ""visible_species_in_image"": [
        ""Pinus""
      ],
      ""landscape_elements"": [
        ""rock"",
        ""ice formation"",
        ""trees"",
        ""sky""
      ],
      ""human_activities_in_image"": [],
      ""plants_detected"": [
        {
          ""scientific_name"": ""Pinus sp."",
          ""count_estimate"": ""1"",
          ""confidence"": 0.85
        }
      ],
      ""animals_detected"": [],
      ""human_activities_detected"": []
    }
  ]
}",True,
290,1天津市蓟州区盘山_66龙行天下66_8.jpg,Frozen waterfall with lanterns,[],frozen waterfall; trees; rocks; mountain,[],Pinus sp.,[],[],"[{""scientific_name"": ""Pinus sp."", ""count_estimate"": ""1"", ""confidence"": 0.85}]",[],[],"{
  ""image_analysis_per_image"": [
    {
      ""image_summary"": ""Frozen waterfall with lanterns"",
      ""visible_species_in_image"": [],
      ""landscape_elements"": [
        ""frozen waterfall"",
        ""trees"",
        ""rocks"",
        ""mountain""
      ],
      ""human_activities_in_image"": [],
      ""plants_detected"": [
        {
          ""scientific_name"": ""Pinus sp."",
          ""count_estimate"": ""1"",
          ""confidence"": 0.85
        }
      ],
      ""animals_detected"": [],
      ""human_activities_detected"": []
    }
  ]
}",True,
291,1天津市蓟州区盘山_8689老牛NN_1.jpg,mountainous landscape,Pinus,mountains; forest; sky,[],Pinus,[],[],"[{""scientific_name"": ""Pinus"", ""count_estimate"": ""multiple"", ""confidence"": 0.95}]",[],[],"{
  ""image_analysis_per_image"": [
    {
      ""image_summary"": ""mountainous landscape"",
      ""visible_species_in_image"": [
        ""Pinus""
      ],
      ""landscape_elements"": [
        ""mountains"",
        ""forest"",
        ""sky""
      ],
      ""human_activities_in_image"": [],
      ""plants_detected"": [
        {
          ""scientific_name"": ""Pinus"",
          ""count_estimate"": ""multiple"",
          ""confidence"": 0.95
        }
      ],
      ""animals_detected"": [],
      ""human_activities_detected"": []
    }
  ]
}",True,
292,1天津市蓟州区盘山_8689老牛NN_10.jpg,crowd at waterfall,[],paved path; waterfall; trees; sky,standing; looking at waterfall; taking photos,unknown,[],standing; taking photos,"[{""scientific_name"": ""unknown"", ""count_estimate"": ""many"", ""confidence"": 0.5}]",[],"[{""activity"": ""standing"", ""count_estimate"": ""multiple"", ""confidence"": 1.0}, {""activity"": ""taking photos"", ""count_estimate"": ""1"", ""confidence"": 0.9}]","{
  ""image_analysis_per_image"": [
    {
      ""image_summary"": ""crowd at waterfall"",
      ""visible_species_in_image"": [],
      ""landscape_elements"": [
        ""paved path"",
        ""waterfall"",
        ""trees"",
        ""sky""
      ],
      ""human_activities_in_image"": [
        ""standing"",
        ""looking at waterfall"",
        ""taking photos""
      ],
      ""plants_detected"": [
        {
          ""scientific_name"": ""unknown"",
          ""count_estimate"": ""many"",
          ""confidence"": 0.5
        }
      ],
      ""animals_detected"": [],
      ""human_activities_detected"": [
        {
          ""activity"": ""standing"",
          ""count_estimate"": ""multiple"",
          ""confidence"": 1.0
        },
        {
          ""activity"": ""taking photos"",
          ""count_estimate"": ""1"",
          ""confidence"": 0.9
        }
      ]
    }
  ]
}",True,
293,1天津市蓟州区盘山_8689老牛NN_11.jpg,tourists at stone monument,[],stone steps; large boulders; trees; paved path,taking photos; standing; walking,unknown,[],photography; standing,"[{""scientific_name"": ""unknown"", ""count_estimate"": ""many"", ""confidence"": 0.5}]",[],"[{""activity"": ""photography"", ""count_estimate"": ""multiple"", ""confidence"": 0.95}, {""activity"": ""standing"", ""count_estimate"": ""multiple"", ""confidence"": 0.95}]","{
  ""image_analysis_per_image"": [
    {
      ""image_summary"": ""tourists at stone monument"",
      ""visible_species_in_image"": [],
      ""landscape_elements"": [
        ""stone steps"",
        ""large boulders"",
        ""trees"",
        ""paved path""
      ],
      ""human_activities_in_image"": [
        ""taking photos"",
        ""standing"",
        ""walking""
      ],
      ""plants_detected"": [
        {
          ""scientific_name"": ""unknown"",
          ""count_estimate"": ""many"",
          ""confidence"": 0.5
        }
      ],
      ""animals_detected"": [],
      ""human_activities_detected"": [
        {
          ""activity"": ""photography"",
          ""count_estimate"": ""multiple"",
          ""confidence"": 0.95
        },
        {
          ""activity"": ""standing"",
          ""count_estimate"": ""multiple"",
          ""confidence"": 0.95
        }
      ]
    }
  ]
}",True,
294,1天津市蓟州区盘山_8689老牛NN_12.jpg,temple entrance,[],mountains; sky; paved path; trees,walking; visiting,unknown,[],walking,"[{""scientific_name"": ""unknown"", ""count_estimate"": ""multiple"", ""confidence"": 0.5}]",[],"[{""activity"": ""walking"", ""count_estimate"": ""multiple"", ""confidence"": 0.95}]","{
  ""image_analysis_per_image"": [
    {
      ""image_summary"": ""temple entrance"",
      ""visible_species_in_image"": [],
      ""landscape_elements"": [
        ""mountains"",
        ""sky"",
        ""paved path"",
        ""trees""
      ],
      ""human_activities_in_image"": [
        ""walking"",
        ""visiting""
      ],
      ""plants_detected"": [
        {
          ""scientific_name"": ""unknown"",
          ""count_estimate"": ""multiple"",
          ""confidence"": 0.5
        }
      ],
      ""animals_detected"": [],
      ""human_activities_detected"": [
        {
          ""activity"": ""walking"",
          ""count_estimate"": ""multiple"",
          ""confidence"": 0.95
        }
      ]
    }
  ]
}",True,
295,1天津市蓟州区盘山_8689老牛NN_13.jpg,Temple pavilion in mountains,[],mountains; trees; paved path,[],[],[],[],[],[],[],"{
  ""image_analysis_per_image"": [
    {
      ""image_summary"": ""Temple pavilion in mountains"",
      ""visible_species_in_image"": [],
      ""landscape_elements"": [
        ""mountains"",
        ""trees"",
        ""paved path""
      ],
      ""human_activities_in_image"": [],
      ""plants_detected"": [],
      ""animals_detected"": [],
      ""human_activities_detected"": []
    }
  ]
}",True,
296,1天津市蓟州区盘山_8689老牛NN_14.jpg,Crowd at waterfall,[],waterfall; trees; paved path; hillside,walking; standing; taking photos,Pinus tabulaeformis,[],observing scenery; taking photos,"[{""scientific_name"": ""Pinus tabulaeformis"", ""count_estimate"": ""many"", ""confidence"": 0.85}]",[],"[{""activity"": ""observing scenery"", ""count_estimate"": ""multiple"", ""confidence"": 0.95}, {""activity"": ""taking photos"", ""count_estimate"": ""2"", ""confidence"": 0.8}]","{
  ""image_analysis_per_image"": [
    {
      ""image_summary"": ""Crowd at waterfall"",
      ""visible_species_in_image"": [],
      ""landscape_elements"": [
        ""waterfall"",
        ""trees"",
        ""paved path"",
        ""hillside""
      ],
      ""human_activities_in_image"": [
        ""walking"",
        ""standing"",
        ""taking photos""
      ],
      ""plants_detected"": [
        {
          ""scientific_name"": ""Pinus tabulaeformis"",
          ""count_estimate"": ""many"",
          ""confidence"": 0.85
        }
      ],
      ""animals_detected"": [],
      ""human_activities_detected"": [
        {
          ""activity"": ""observing scenery"",
          ""count_estimate"": ""multiple"",
          ""confidence"": 0.95
        },
        {
          ""activity"": ""taking photos"",
          ""count_estimate"": ""2"",
          ""confidence"": 0.80
        }
      ]
    }
  ]
}",True,
297,1天津市蓟州区盘山_8689老牛NN_15.jpg,Stone monument in garden,[],paved path; stone steps; trees; traditional building,taking photos,unknown,[],taking photos,"[{""scientific_name"": ""unknown"", ""count_estimate"": ""multiple"", ""confidence"": 0.5}]",[],"[{""activity"": ""taking photos"", ""count_estimate"": ""1"", ""confidence"": 0.9}]","{
  ""image_analysis_per_image"": [
    {
      ""image_summary"": ""Stone monument in garden"",
      ""visible_species_in_image"": [],
      ""landscape_elements"": [
        ""paved path"",
        ""stone steps"",
        ""trees"",
        ""traditional building""
      ],
      ""human_activities_in_image"": [
        ""taking photos""
      ],
      ""plants_detected"": [
        {
          ""scientific_name"": ""unknown"",
          ""count_estimate"": ""multiple"",
          ""confidence"": 0.5
        }
      ],
      ""animals_detected"": [],
      ""human_activities_detected"": [
        {
          ""activity"": ""taking photos"",
          ""count_estimate"": ""1"",
          ""confidence"": 0.9
        }
      ]
    }
  ]
}",True,
298,1天津市蓟州区盘山_8689老牛NN_16.jpg,Scenic hilltop view,Pinus,hill; sky; paved path; wall,[],Pinus,[],[],"[{""scientific_name"": ""Pinus"", ""count_estimate"": ""multiple"", ""confidence"": 0.85}]",[],[],"{
  ""image_analysis_per_image"": [
    {
      ""image_summary"": ""Scenic hilltop view"",
      ""visible_species_in_image"": [
        ""Pinus""
      ],
      ""landscape_elements"": [
        ""hill"",
        ""sky"",
        ""paved path"",
        ""wall""
      ],
      ""human_activities_in_image"": [],
      ""plants_detected"": [
        {
          ""scientific_name"": ""Pinus"",
          ""count_estimate"": ""multiple"",
          ""confidence"": 0.85
        }
      ],
      ""animals_detected"": [],
      ""human_activities_detected"": []
    }
  ]
}",True,
299,1天津市蓟州区盘山_8689老牛NN_17.jpg,Mountain landscape,Pinus tabuliformis,mountain; rock face; sky; concrete path,[],Pinus tabuliformis,[],[],"[{""scientific_name"": ""Pinus tabuliformis"", ""count_estimate"": ""many"", ""confidence"": 0.85}]",[],[],"{
  ""image_analysis_per_image"": [
    {
      ""image_summary"": ""Mountain landscape"",
      ""visible_species_in_image"": [
        ""Pinus tabuliformis""
      ],
      ""landscape_elements"": [
        ""mountain"",
        ""rock face"",
        ""sky"",
        ""concrete path""
      ],
      ""human_activities_in_image"": [],
      ""plants_detected"": [
        {
          ""scientific_name"": ""Pinus tabuliformis"",
          ""count_estimate"": ""many"",
          ""confidence"": 0.85
        }
      ],
      ""animals_detected"": [],
      ""human_activities_detected"": []
    }
  ]
}",True,
300,1天津市蓟州区盘山_8689老牛NN_18.jpg,Tower through trees,[],trees; sky; tower,[],[],[],[],[],[],[],"{
  ""image_analysis_per_image"": [
    {
      ""image_summary"": ""Tower through trees"",
      ""visible_species_in_image"": [],
      ""landscape_elements"": [
        ""trees"",
        ""sky"",
        ""tower""
      ],
      ""human_activities_in_image"": [],
      ""plants_detected"": [],
      ""animals_detected"": [],
      ""human_activities_detected"": []
    }
  ]
}",True,
